bid,author_id,id
b0001,0,1
b0001,1,2
b0002,2,3
b0003,3,4
b0003,4,5
b0003,5,6
b0003,6,7
b0003,7,8
b0003,8,9
b0003,9,10
b0003,10,11
b0004,11,12
b0005,12,13
b0005,13,14
b0006,14,15
b0007,15,16
b0007,16,17
b0007,17,18
b0007,18,19
b0007,19,20
b0007,20,21
b0008,21,22
b0009,22,23
b0009,23,24
b0010,18,25
b0010,24,26
b0011,25,27
b0011,26,28
b0011,27,29
b0012,28,30
b0013,29,31
b0013,30,32
b0014,31,33
b0015,32,34
b0015,33,35
b0015,34,36
b0016,35,37
b0017,36,38
b0017,37,39
b0017,38,40
b0018,39,41
b0019,40,42
b0020,41,43
b0020,42,44
b0020,43,45
b0021,44,46
b0021,45,47
b0021,46,48
b0022,47,49
b0023,48,50
b0023,49,51
b0024,50,52
b0025,51,53
b0025,52,54
b0026,53,55
b0026,54,56
b0027,55,57
b0028,14,58
b0029,0,59
b0029,1,60
b0030,56,61
b0031,41,62
b0032,57,63
b0032,58,64
b0032,59,65
b0033,60,66
b0033,61,67
b0034,62,68
b0035,41,69
b0035,63,70
b0036,64,71
b0036,65,72
b0036,66,73
b0036,67,74
b0037,0,75
b0037,1,76
b0038,68,77
b0039,69,78
b0039,70,79
b0039,71,80
b0040,72,81
b0041,73,82
b0042,74,83
b0042,75,84
b0042,76,85
b0043,77,86
b0044,57,87
b0044,78,88
b0044,79,89
b0045,80,90
b0046,81,91
b0046,33,92
b0047,82,93
b0048,83,94
b0048,84,95
b0049,12,96
b0050,85,97
b0050,86,98
b0051,87,99
b0051,88,100
b0052,89,101
b0053,0,102
b0053,1,103
b0054,90,104
b0054,91,105
b0055,92,106
b0055,93,107
b0056,94,108
b0057,95,109
b0058,25,110
b0058,26,111
b0058,27,112
b0058,96,113
b0059,97,114
b0059,98,115
b0060,99,116
b0060,100,117
b0060,101,118
b0060,102,119
b0061,53,120
b0061,54,121
b0062,41,122
b0062,103,123
b0062,104,124
b0063,105,125
b0063,106,126
b0063,107,127
b0064,108,128
b0065,109,129
b0066,110,130
b0067,111,131
b0068,112,132
b0068,113,133
b0069,110,134
b0070,114,135
b0071,115,136
b0072,116,137
b0072,117,138
b0072,118,139
b0073,40,140
b0074,119,141
b0074,120,142
b0075,121,143
b0076,122,144
b0077,12,145
b0078,62,146
b0079,62,147
b0080,123,148
b0080,124,149
b0081,125,150
b0082,126,151
b0082,127,152
b0083,128,153
b0084,129,154
b0085,130,155
b0086,48,156
b0087,53,157
b0087,54,158
b0088,131,159
b0089,132,160
b0090,133,161
b0090,134,162
b0091,135,163
b0092,136,164
b0092,137,165
b0092,138,166
b0093,139,167
b0094,140,168
b0095,141,169
b0096,142,170
b0096,143,171
b0097,144,172
b0098,40,173
b0099,145,174
b0100,89,175
b0101,40,176
b0102,146,177
b0102,147,178
b0102,148,179
b0103,82,180
b0103,149,181
b0103,150,182
b0104,3,183
b0105,151,184
b0106,72,185
b0107,130,186
b0108,152,187
b0109,153,188
b0110,154,189
b0110,155,190
b0111,56,191
b0112,48,192
b0113,156,193
b0114,14,194
b0114,157,195
b0115,158,196
b0116,159,197
b0116,160,198
b0117,161,199
b0118,162,200
b0118,163,201
b0119,164,202
b0120,123,203
b0120,124,204
b0121,123,205
b0121,124,206
b0122,35,207
b0123,165,208
b0123,166,209
b0123,167,210
b0124,168,211
b0125,169,212
b0125,170,213
b0126,171,214
b0126,172,215
b0127,35,216
b0128,173,217
b0129,123,218
b0129,124,219
b0130,105,220
b0130,174,221
b0131,175,222
b0131,176,223
b0131,177,224
b0132,40,225
b0133,111,226
b0134,178,227
b0134,179,228
b0135,180,229
b0136,181,230
b0136,182,231
b0137,183,232
b0137,184,233
b0138,185,234
b0139,25,235
b0139,26,236
b0139,27,237
b0139,186,238
b0139,187,239
b0140,188,240
b0141,123,241
b0141,124,242
b0142,189,243
b0143,57,244
b0143,190,245
b0143,78,246
b0143,79,247
b0144,191,248
b0144,192,249
b0145,193,250
b0145,194,251
b0145,195,252
b0146,196,253
b0147,35,254
b0148,197,255
b0149,198,256
b0150,199,257
b0151,200,258
b0152,25,259
b0152,201,260
b0152,202,261
b0153,31,262
b0153,203,263
b0154,62,264
b0155,204,265
b0156,205,266
b0157,206,267
b0158,207,268
b0159,208,269
b0160,209,270
b0161,173,271
b0162,151,272
b0163,210,273
b0164,211,274
b0165,3,275
b0165,212,276
b0165,213,277
b0166,108,278
b0167,214,279
b0168,215,280
b0169,216,281
b0170,14,282
b0171,217,283
b0171,218,284
b0172,219,285
b0173,41,286
b0173,220,287
b0174,221,288
b0175,222,289
b0175,223,290
b0176,224,291
b0177,132,292
b0178,225,293
b0179,226,294
b0180,227,295
b0181,173,296
b0182,228,297
b0182,229,298
b0183,230,299
b0183,231,300
b0183,232,301
b0184,233,302
b0185,62,303
b0186,234,304
b0187,235,305
b0188,236,306
b0189,237,307
b0189,238,308
b0190,239,309
b0190,240,310
b0191,185,311
b0192,241,312
b0193,3,313
b0193,242,314
b0193,243,315
b0194,14,316
b0194,244,317
b0195,245,318
b0196,246,319
b0196,247,320
b0197,248,321
b0198,249,322
b0199,250,323
b0200,225,324
b0201,48,325
b0202,248,326
b0203,129,327
b0204,3,328
b0204,251,329
b0205,188,330
b0206,252,331
b0207,253,332
b0208,139,333
b0209,111,334
b0210,254,335
b0211,246,336
b0211,255,337
b0211,256,338
b0212,257,339
b0213,258,340
b0214,110,341
b0215,259,342
b0216,260,343
b0217,261,344
b0217,262,345
b0217,263,346
b0218,264,347
b0218,265,348
b0218,266,349
b0219,267,350
b0220,268,351
b0220,269,352
b0221,270,353
b0222,40,354
b0223,271,355
b0224,123,356
b0224,124,357
b0225,40,358
b0226,272,359
b0227,156,360
b0228,273,361
b0228,274,362
b0229,275,363
b0230,276,364
b0231,277,365
b0231,278,366
b0232,279,367
b0233,280,368
b0234,281,369
b0234,282,370
b0235,48,371
b0236,283,372
b0236,158,373
b0237,284,374
b0238,285,375
b0239,248,376
b0240,286,377
b0241,287,378
b0242,206,379
b0243,288,380
b0243,240,381
b0244,289,382
b0245,290,383
b0246,291,384
b0247,292,385
b0248,293,386
b0249,294,387
b0249,295,388
b0249,296,389
b0250,281,390
b0251,10,391
b0252,297,392
b0252,298,393
b0253,299,394
b0254,300,395
b0255,248,396
b0256,301,397
b0257,302,398
b0257,302,399
b0258,303,400
b0259,206,401
b0260,304,402
b0261,87,403
b0261,305,404
b0262,306,405
b0263,193,406
b0263,307,407
b0264,180,408
b0265,116,409
b0265,117,410
b0265,308,411
b0265,118,412
b0266,309,413
b0266,310,414
b0267,311,415
b0268,312,416
b0269,313,417
b0270,314,418
b0271,235,419
b0272,237,420
b0272,315,421
b0272,316,422
b0272,317,423
b0273,318,424
b0274,132,425
b0275,319,426
b0276,320,427
b0276,321,428
b0276,322,429
b0277,257,430
b0278,323,431
b0278,324,432
b0279,325,433
b0280,48,434
b0280,326,435
b0281,0,436
b0282,248,437
b0283,48,438
b0283,327,439
b0284,328,440
b0284,329,441
b0285,330,442
b0286,267,443
b0287,331,444
b0287,332,445
b0288,271,446
b0289,225,447
b0290,333,448
b0290,334,449
b0291,335,450
b0292,56,451
b0293,336,452
b0294,40,453
b0294,337,454
b0294,338,455
b0295,339,456
b0295,340,457
b0296,341,458
b0297,342,459
b0298,343,460
b0298,109,461
b0299,344,462
b0300,271,463
b0301,196,464
b0302,345,465
b0303,346,466
b0304,347,467
b0304,348,468
b0305,349,469
b0306,156,470
b0307,271,471
b0307,350,472
b0308,351,473
b0309,209,474
b0310,352,475
b0311,353,476
b0311,354,477
b0311,355,478
b0312,356,479
b0312,357,480
b0313,183,481
b0313,358,482
b0314,248,483
b0315,359,484
b0316,253,485
b0317,48,486
b0318,152,487
b0319,360,488
b0319,361,489
b0319,0,490
b0320,362,491
b0321,363,492
b0321,364,493
b0322,365,494
b0323,366,495
b0323,367,496
b0323,368,497
b0324,215,498
b0325,369,499
b0325,370,500
b0325,371,501
b0326,372,502
b0327,188,503
b0328,199,504
b0329,273,505
b0329,274,506
b0330,252,507
b0331,248,508
b0332,373,509
b0333,374,510
b0333,14,511
b0333,375,512
b0333,376,513
b0334,257,514
b0335,377,515
b0336,257,516
b0337,378,517
b0337,379,518
b0338,380,519
b0339,303,520
b0340,381,521
b0341,382,522
b0342,383,523
b0343,384,524
b0343,385,525
b0344,259,526
b0345,325,527
b0346,386,528
b0346,387,529
b0347,388,530
b0348,7,531
b0348,389,532
b0349,303,533
b0350,390,534
b0351,129,535
b0351,391,536
b0351,392,537
b0351,393,538
b0352,394,539
b0353,395,540
b0354,396,541
b0354,397,542
b0355,398,543
b0355,399,544
b0355,400,545
b0356,401,546
b0357,402,547
b0358,403,548
b0359,328,549
b0359,329,550
b0360,404,551
b0361,328,552
b0361,329,553
b0362,405,554
b0363,406,555
b0364,407,556
b0364,408,557
b0365,409,558
b0366,410,559
b0367,301,560
b0368,411,561
b0369,412,562
b0370,196,563
b0371,413,564
b0371,414,565
b0372,415,566
b0373,416,567
b0374,48,568
b0374,49,569
b0375,417,570
b0376,418,571
b0377,419,572
b0378,252,573
b0379,420,574
b0380,421,575
b0381,422,576
b0381,423,577
b0381,340,578
b0381,424,579
b0381,425,580
b0381,426,581
b0381,427,582
b0381,428,583
b0381,429,584
b0382,430,585
b0383,225,586
b0384,431,587
b0385,225,588
b0386,432,589
b0387,433,590
b0387,434,591
b0388,435,592
b0389,396,593
b0389,397,594
b0390,436,595
b0391,437,596
b0391,438,597
b0392,439,598
b0393,411,599
b0394,422,600
b0394,440,601
b0394,441,602
b0394,442,603
b0395,443,604
b0396,444,605
b0397,445,606
b0398,446,607
b0399,447,608
b0400,0,609
b0401,448,610
b0402,449,611
b0402,450,612
b0403,188,613
b0404,259,614
b0405,451,615
b0406,48,616
b0406,154,617
b0407,452,618
b0408,453,619
b0409,454,620
b0410,455,621
b0411,123,622
b0411,124,623
b0412,188,624
b0413,456,625
b0413,457,626
b0414,259,627
b0415,276,628
b0416,169,629
b0417,458,630
b0418,445,631
b0419,173,632
b0420,459,633
b0421,460,634
b0422,259,635
b0423,461,636
b0423,462,637
b0424,463,638
b0425,382,639
b0426,464,640
b0426,465,641
b0426,466,642
b0427,467,643
b0427,468,644
b0427,469,645
b0428,470,646
b0429,287,647
b0429,471,648
b0429,472,649
b0430,473,650
b0431,48,651
b0432,188,652
b0433,474,653
b0434,475,654
b0435,476,655
b0436,156,656
b0437,477,657
b0437,478,658
b0437,479,659
b0438,480,660
b0439,481,661
b0439,482,662
b0439,483,663
b0440,454,664
b0441,484,665
b0442,144,666
b0442,485,667
b0443,445,668
b0444,486,669
b0445,286,670
b0446,487,671
b0446,488,672
b0447,489,673
b0448,320,674
b0449,328,675
b0450,142,676
b0450,143,677
b0451,40,678
b0451,490,679
b0451,338,680
b0451,337,681
b0452,491,682
b0453,135,683
b0454,492,684
b0455,493,685
b0456,494,686
b0456,495,687
b0456,496,688
b0457,497,689
b0458,110,690
b0459,498,691
b0460,499,692
b0461,235,693
b0462,445,694
b0463,500,695
b0464,501,696
b0465,502,697
b0465,503,698
b0466,185,699
b0467,463,700
b0468,504,701
b0468,86,702
b0469,505,703
b0470,506,704
b0471,507,705
b0472,508,706
b0473,509,707
b0474,217,708
b0474,510,709
b0474,511,710
b0474,512,711
b0474,513,712
b0475,328,713
b0476,206,714
b0477,514,715
b0478,283,716
b0479,515,717
b0480,248,718
b0481,516,719
b0482,517,720
b0483,518,721
b0483,519,722
b0484,520,723
b0484,521,724
b0484,522,725
b0484,523,726
b0485,524,727
b0486,525,728
b0487,526,729
b0487,527,730
b0487,528,731
b0488,529,732
b0488,530,733
b0489,531,734
b0490,206,735
b0491,532,736
b0492,533,737
b0493,259,738
b0494,534,739
b0495,69,740
b0495,535,741
b0496,536,742
b0496,537,743
b0496,538,744
b0497,539,745
b0498,540,746
b0499,536,747
b0499,541,748
b0499,542,749
b0500,287,750
b0500,543,751
b0500,544,752
b0501,259,753
b0502,545,754
b0503,328,755
b0504,546,756
b0505,547,757
b0506,548,758
b0507,549,759
b0507,550,760
b0507,551,761
b0508,552,762
b0509,553,763
b0510,554,764
b0511,48,765
b0512,555,766
b0513,556,767
b0514,556,768
b0515,557,769
b0516,558,770
b0516,559,771
b0516,560,772
b0517,561,773
b0518,562,774
b0519,563,775
b0519,564,776
b0520,252,777
b0521,565,778
b0522,566,779
b0523,567,780
b0524,568,781
b0525,217,782
b0525,569,783
b0526,570,784
b0527,571,785
b0528,188,786
b0529,572,787
b0529,573,788
b0529,574,789
b0530,556,790
b0531,555,791
b0532,575,792
b0533,153,793
b0534,576,794
b0535,577,795
b0536,578,796
b0537,579,797
b0538,580,798
b0539,253,799
b0539,581,800
b0540,299,801
b0541,582,802
b0542,211,803
b0543,583,804
b0543,584,805
b0544,585,806
b0545,341,807
b0546,586,808
b0546,0,809
b0547,587,810
b0548,588,811
b0549,589,812
b0550,590,813
b0551,216,814
b0551,591,815
b0552,341,816
b0553,592,817
b0554,593,818
b0555,297,819
b0555,594,820
b0556,211,821
b0557,61,822
b0557,595,823
b0558,596,824
b0558,597,825
b0559,598,826
b0560,360,827
b0560,361,828
b0560,0,829
b0561,599,830
b0562,600,831
b0563,142,832
b0563,601,833
b0564,188,834
b0565,459,835
b0565,602,836
b0566,603,837
b0567,604,838
b0568,605,839
b0568,606,840
b0569,607,841
b0570,445,842
b0571,608,843
b0572,609,844
b0572,610,845
b0572,611,846
b0572,612,847
b0573,613,848
b0574,614,849
b0575,615,850
b0576,616,851
b0577,617,852
b0578,618,853
b0579,319,854
b0580,0,855
b0581,619,856
b0582,185,857
b0583,620,858
b0583,621,859
b0584,622,860
b0585,623,861
b0585,624,862
b0586,625,863
b0586,626,864
b0586,627,865
b0587,628,866
b0587,629,867
b0588,454,868
b0589,630,869
b0589,631,870
b0589,632,871
b0590,633,872
b0590,634,873
b0590,635,874
b0591,276,875
b0592,481,876
b0592,636,877
b0592,483,878
b0593,524,879
b0594,637,880
b0595,638,881
b0595,639,882
b0596,640,883
b0597,641,884
b0597,642,885
b0597,643,886
b0598,508,887
b0599,644,888
b0599,645,889
b0599,646,890
b0600,647,891
b0601,648,892
b0602,31,893
b0603,649,894
b0603,650,895
b0603,651,896
b0604,652,897
b0604,653,898
b0604,654,899
b0605,655,900
b0606,257,901
b0607,656,902
b0608,657,903
b0609,48,904
b0610,658,905
b0611,193,906
b0611,659,907
b0612,330,908
b0613,660,909
b0613,661,910
b0614,662,911
b0614,663,912
b0614,664,913
b0615,267,914
b0616,665,915
b0617,555,916
b0618,272,917
b0618,666,918
b0619,667,919
b0620,668,920
b0621,669,921
b0621,670,922
b0622,671,923
b0623,672,924
b0624,673,925
b0624,674,926
b0625,675,927
b0626,339,928
b0626,676,929
b0627,677,930
b0628,257,931
b0629,4,932
b0630,185,933
b0631,678,934
b0632,48,935
b0632,679,936
b0633,680,937
b0633,681,938
b0634,682,939
b0635,217,940
b0635,683,941
b0636,684,942
b0637,685,943
b0637,686,944
b0637,687,945
b0638,688,946
b0639,689,947
b0640,690,948
b0641,691,949
b0641,692,950
b0642,693,951
b0643,694,952
b0643,695,953
b0643,696,954
b0644,697,955
b0645,123,956
b0645,124,957
b0646,698,958
b0647,699,959
b0648,211,960
b0649,211,961
b0649,700,962
b0650,701,963
b0651,702,964
b0652,703,965
b0652,354,966
b0653,704,967
b0653,705,968
b0653,706,969
b0654,188,970
b0655,707,971
b0655,149,972
b0656,708,973
b0657,709,974
b0657,710,975
b0658,155,976
b0659,711,977
b0660,712,978
b0661,475,979
b0662,713,980
b0663,714,981
b0664,698,982
b0664,715,983
b0665,716,984
b0666,717,985
b0667,452,986
b0668,718,987
b0669,719,988
b0670,720,989
b0671,556,990
b0672,721,991
b0672,722,992
b0673,283,993
b0674,529,994
b0674,723,995
b0675,724,996
b0676,422,997
b0676,428,998
b0676,725,999
b0676,726,1000
b0676,429,1001
b0676,727,1002
b0677,728,1003
b0678,729,1004
b0678,730,1005
b0679,731,1006
b0680,732,1007
b0680,733,1008
b0681,734,1009
b0682,735,1010
b0683,736,1011
b0683,737,1012
b0683,738,1013
b0684,739,1014
b0684,740,1015
b0685,339,1016
b0686,741,1017
b0687,742,1018
b0688,115,1019
b0689,0,1020
b0690,743,1021
b0691,744,1022
b0691,745,1023
b0692,746,1024
b0693,747,1025
b0693,748,1026
b0694,349,1027
b0695,749,1028
b0696,750,1029
b0697,286,1030
b0698,401,1031
b0699,196,1032
b0700,751,1033
b0701,752,1034
b0702,753,1035
b0703,349,1036
b0704,754,1037
b0705,755,1038
b0706,205,1039
b0707,275,1040
b0708,756,1041
b0709,349,1042
b0710,757,1043
b0711,758,1044
b0711,759,1045
b0712,283,1046
b0713,760,1047
b0714,761,1048
b0714,762,1049
b0715,763,1050
b0716,764,1051
b0717,765,1052
b0717,766,1053
b0718,767,1054
b0719,768,1055
b0719,769,1056
b0720,770,1057
b0720,771,1058
b0721,772,1059
b0722,188,1060
b0723,773,1061
b0723,774,1062
b0724,504,1063
b0724,86,1064
b0725,556,1065
b0726,775,1066
b0727,776,1067
b0728,656,1068
b0729,25,1069
b0729,201,1070
b0730,777,1071
b0731,500,1072
b0732,248,1073
b0733,778,1074
b0734,779,1075
b0735,780,1076
b0736,781,1077
b0737,782,1078
b0738,783,1079
b0738,784,1080
b0739,785,1081
b0739,786,1082
b0739,787,1083
b0740,788,1084
b0741,507,1085
b0741,789,1086
b0742,48,1087
b0743,790,1088
b0743,791,1089
b0744,792,1090
b0745,793,1091
b0746,257,1092
b0747,794,1093
b0748,795,1094
b0749,502,1095
b0749,240,1096
b0750,796,1097
b0751,797,1098
b0751,798,1099
b0752,799,1100
b0752,800,1101
b0752,801,1102
b0753,248,1103
b0754,802,1104
b0754,803,1105
b0754,804,1106
b0754,805,1107
b0755,806,1108
b0756,807,1109
b0757,808,1110
b0757,809,1111
b0758,62,1112
b0759,810,1113
b0760,811,1114
b0761,812,1115
b0761,474,1116
b0762,813,1117
b0763,814,1118
b0764,815,1119
b0765,816,1120
b0766,25,1121
b0766,26,1122
b0766,27,1123
b0767,817,1124
b0768,818,1125
b0769,819,1126
b0770,272,1127
b0771,565,1128
b0772,820,1129
b0773,105,1130
b0773,821,1131
b0774,822,1132
b0775,823,1133
b0775,824,1134
b0776,169,1135
b0776,825,1136
b0777,826,1137
b0777,827,1138
b0778,828,1139
b0778,829,1140
b0779,491,1141
b0780,830,1142
b0781,831,1143
b0782,832,1144
b0782,833,1145
b0783,834,1146
b0784,835,1147
b0785,493,1148
b0786,556,1149
b0786,836,1150
b0787,837,1151
b0788,838,1152
b0788,839,1153
b0788,474,1154
b0789,840,1155
b0790,841,1156
b0791,842,1157
b0791,843,1158
b0792,844,1159
b0793,211,1160
b0794,845,1161
b0795,349,1162
b0796,846,1163
b0797,847,1164
b0798,848,1165
b0799,504,1166
b0799,849,1167
b0800,850,1168
b0800,851,1169
b0801,162,1170
b0801,852,1171
b0802,18,1172
b0802,298,1173
b0803,853,1174
b0804,89,1175
b0805,854,1176
b0806,855,1177
b0807,856,1178
b0808,857,1179
b0809,188,1180
b0810,248,1181
b0811,858,1182
b0812,382,1183
b0813,60,1184
b0813,214,1185
b0814,859,1186
b0815,211,1187
b0816,197,1188
b0817,188,1189
b0818,475,1190
b0819,860,1191
b0819,179,1192
b0820,29,1193
b0820,861,1194
b0821,862,1195
b0822,863,1196
b0822,864,1197
b0823,188,1198
b0824,259,1199
b0825,865,1200
b0826,866,1201
b0827,830,1202
b0827,867,1203
b0828,868,1204
b0828,869,1205
b0828,870,1206
b0828,871,1207
b0828,453,1208
b0828,872,1209
b0828,427,1210
b0829,657,1211
b0830,197,1212
b0831,248,1213
b0832,873,1214
b0833,22,1215
b0833,874,1216
b0834,875,1217
b0835,876,1218
b0836,188,1219
b0837,641,1220
b0837,877,1221
b0837,643,1222
b0838,878,1223
b0838,879,1224
b0838,579,1225
b0838,880,1226
b0838,881,1227
b0838,882,1228
b0838,883,1229
b0838,884,1230
b0838,885,1231
b0838,256,1232
b0838,886,1233
b0838,320,1234
b0838,386,1235
b0838,887,1236
b0838,888,1237
b0838,889,1238
b0838,890,1239
b0838,891,1240
b0838,892,1241
b0838,893,1242
b0838,894,1243
b0838,895,1244
b0838,896,1245
b0838,897,1246
b0838,898,1247
b0838,899,1248
b0838,900,1249
b0838,901,1250
b0838,902,1251
b0838,903,1252
b0838,904,1253
b0838,905,1254
b0838,330,1255
b0838,906,1256
b0839,579,1257
b0839,881,1258
b0840,907,1259
b0841,500,1260
b0841,908,1261
b0842,909,1262
b0843,910,1263
b0844,14,1264
b0844,911,1265
b0845,912,1266
b0846,913,1267
b0847,914,1268
b0848,915,1269
b0849,656,1270
b0850,916,1271
b0850,917,1272
b0851,918,1273
b0851,181,1274
b0851,182,1275
b0852,197,1276
b0853,919,1277
b0854,920,1278
b0855,731,1279
b0856,921,1280
b0857,922,1281
b0858,923,1282
b0859,924,1283
b0860,85,1284
b0860,408,1285
b0860,925,1286
b0861,926,1287
b0862,647,1288
b0863,927,1289
b0863,928,1290
b0864,922,1291
b0865,144,1292
b0866,929,1293
b0867,930,1294
b0867,931,1295
b0868,168,1296
b0869,536,1297
b0869,885,1298
b0869,932,1299
b0869,542,1300
b0870,933,1301
b0871,934,1302
b0871,935,1303
b0871,936,1304
b0872,937,1305
b0873,938,1306
b0874,939,1307
b0875,940,1308
b0876,941,1309
b0877,411,1310
b0878,162,1311
b0879,942,1312
b0880,943,1313
b0881,944,1314
b0882,906,1315
b0882,945,1316
b0883,699,1317
b0884,615,1318
b0885,946,1319
b0885,946,1320
b0886,947,1321
b0886,948,1322
b0886,949,1323
b0887,950,1324
b0888,491,1325
b0889,951,1326
b0890,952,1327
b0890,953,1328
b0890,954,1329
b0891,955,1330
b0892,35,1331
b0893,956,1332
b0894,957,1333
b0895,87,1334
b0895,305,1335
b0896,958,1336
b0897,959,1337
b0897,960,1338
b0898,961,1339
b0898,962,1340
b0899,0,1341
b0899,1,1342
b0900,963,1343
b0901,217,1344
b0902,964,1345
b0902,965,1346
b0903,966,1347
b0903,967,1348
b0903,968,1349
b0904,969,1350
b0904,970,1351
b0904,971,1352
b0905,972,1353
b0906,557,1354
b0907,188,1355
b0908,973,1356
b0908,974,1357
b0908,975,1358
b0908,226,1359
b0908,976,1360
b0909,977,1361
b0910,978,1362
b0911,555,1363
b0912,90,1364
b0912,979,1365
b0913,980,1366
b0913,981,1367
b0913,982,1368
b0913,983,1369
b0913,984,1370
b0913,985,1371
b0914,986,1372
b0915,987,1373
b0916,988,1374
b0916,989,1375
b0917,990,1376
b0918,991,1377
b0918,992,1378
b0919,135,1379
b0920,993,1380
b0921,994,1381
b0922,995,1382
b0922,996,1383
b0923,997,1384
b0924,188,1385
b0925,209,1386
b0926,998,1387
b0926,999,1388
b0926,1000,1389
b0926,1001,1390
b0927,1002,1391
b0928,751,1392
b0929,1003,1393
b0930,1004,1394
b0930,1005,1395
b0930,1006,1396
b0931,1007,1397
b0932,411,1398
b0932,1008,1399
b0933,1009,1400
b0933,1010,1401
b0934,1011,1402
b0935,275,1403
b0935,1012,1404
b0935,1013,1405
b0935,1014,1406
b0936,1015,1407
b0937,1016,1408
b0938,1017,1409
b0938,1018,1410
b0939,732,1411
b0939,1019,1412
b0939,1020,1413
b0940,556,1414
b0941,1021,1415
b0941,1022,1416
b0942,0,1417
b0942,1023,1418
b0942,1,1419
b0943,1024,1420
b0943,1025,1421
b0944,673,1422
b0944,1026,1423
b0945,1027,1424
b0946,701,1425
b0946,1028,1426
b0947,197,1427
b0948,1029,1428
b0948,1030,1429
b0948,1031,1430
b0949,1032,1431
b0949,1033,1432
b0949,1034,1433
b0949,1035,1434
b0949,1036,1435
b0950,1037,1436
b0951,1038,1437
b0951,1039,1438
b0952,1040,1439
b0952,1041,1440
b0952,1042,1441
b0953,1043,1442
b0954,1044,1443
b0955,1045,1444
b0956,500,1445
b0957,188,1446
b0958,1046,1447
b0959,1047,1448
b0959,1048,1449
b0959,1049,1450
b0960,1050,1451
b0961,613,1452
b0962,1051,1453
b0963,123,1454
b0964,1052,1455
b0965,1053,1456
b0965,1054,1457
b0966,596,1458
b0966,1055,1459
b0966,1056,1460
b0967,215,1461
b0968,1057,1462
b0969,188,1463
b0970,1058,1464
b0970,1059,1465
b0971,1060,1466
b0972,736,1467
b0972,738,1468
b0973,1061,1469
b0973,1062,1470
b0973,1063,1471
b0973,1064,1472
b0974,1065,1473
b0975,1066,1474
b0976,749,1475
b0976,1067,1476
b0977,1068,1477
b0978,749,1478
b0979,1069,1479
b0980,1070,1480
b0980,1071,1481
b0981,1072,1482
b0982,1073,1483
b0983,287,1484
b0983,1074,1485
b0984,1075,1486
b0985,211,1487
b0986,1057,1488
b0987,1076,1489
b0988,1077,1490
b0988,1078,1491
b0989,1079,1492
b0990,1080,1493
b0991,1081,1494
b0992,1082,1495
b0992,1083,1496
b0993,959,1497
b0993,960,1498
b0994,1084,1499
b0995,1085,1500
b0995,1086,1501
b0996,41,1502
b0996,1087,1503
b0997,1088,1504
b0998,1089,1505
b0998,1090,1506
b0999,1091,1507
b0999,1092,1508
b1000,1021,1509
b1000,1022,1510
b1001,910,1511
b1002,159,1512
b1002,1093,1513
b1002,1094,1514
b1003,1095,1515
b1003,1096,1516
b1004,556,1517
b1005,171,1518
b1006,15,1519
b1007,1040,1520
b1007,1041,1521
b1007,1042,1522
b1008,1097,1523
b1009,62,1524
b1009,1098,1525
b1009,1099,1526
b1010,1100,1527
b1010,1101,1528
b1011,579,1529
b1012,1102,1530
b1013,1103,1531
b1014,235,1532
b1015,1104,1533
b1015,1105,1534
b1015,1106,1535
b1016,74,1536
b1017,235,1537
b1018,40,1538
b1018,1107,1539
b1019,1108,1540
b1020,1109,1541
b1021,556,1542
b1022,1110,1543
b1023,1111,1544
b1024,1112,1545
b1024,1113,1546
b1024,1114,1547
b1025,1115,1548
b1026,173,1549
b1026,1116,1550
b1026,1117,1551
b1027,40,1552
b1027,338,1553
b1028,1118,1554
b1029,1119,1555
b1029,1120,1556
b1029,1121,1557
b1030,1122,1558
b1031,1123,1559
b1032,749,1560
b1032,1124,1561
b1032,1125,1562
b1033,0,1563
b1034,217,1564
b1034,1126,1565
b1034,1127,1566
b1034,520,1567
b1035,1128,1568
b1036,206,1569
b1037,1129,1570
b1038,215,1571
b1039,69,1572
b1039,1130,1573
b1040,1131,1574
b1041,1132,1575
b1042,1132,1576
b1043,1133,1577
b1044,1134,1578
b1045,1135,1579
b1046,1136,1580
b1047,25,1581
b1047,1137,1582
b1048,1138,1583
b1049,1139,1584
b1050,1140,1585
b1051,1141,1586
b1052,1142,1587
b1053,1143,1588
b1054,1144,1589
b1055,133,1590
b1056,1145,1591
b1056,1146,1592
b1057,1147,1593
b1058,1040,1594
b1059,1148,1595
b1060,1149,1596
b1061,142,1597
b1061,1150,1598
b1062,139,1599
b1062,1151,1600
b1063,48,1601
b1063,1152,1602
b1064,57,1603
b1064,78,1604
b1064,79,1605
b1064,1153,1606
b1065,1154,1607
b1066,1155,1608
b1066,1156,1609
b1067,1157,1610
b1067,1158,1611
b1067,1159,1612
b1068,1160,1613
b1069,1161,1614
b1070,1162,1615
b1070,1163,1616
b1071,1164,1617
b1072,2,1618
b1072,1165,1619
b1073,158,1620
b1074,1166,1621
b1074,1167,1622
b1074,1168,1623
b1074,1169,1624
b1075,1170,1625
b1076,1171,1626
b1077,599,1627
b1078,1172,1628
b1078,1173,1629
b1078,1172,1630
b1078,1173,1631
b1078,1172,1632
b1079,1174,1633
b1080,11,1634
b1081,1175,1635
b1081,1175,1636
b1082,1176,1637
b1082,1177,1638
b1082,1178,1639
b1082,1179,1640
b1082,1180,1641
b1083,1181,1642
b1084,1182,1643
b1085,1182,1644
b1086,662,1645
b1086,663,1646
b1087,662,1647
b1087,663,1648
b1087,664,1649
b1088,1183,1650
b1089,205,1651
b1090,1184,1652
b1091,437,1653
b1091,438,1654
b1092,1185,1655
b1093,1186,1656
b1093,1187,1657
b1093,1188,1658
b1094,1189,1659
b1095,1190,1660
b1096,499,1661
b1097,1191,1662
b1098,1192,1663
b1098,1193,1664
b1099,211,1665
b1100,1194,1666
b1101,41,1667
b1102,1195,1668
b1103,1196,1669
b1104,1197,1670
b1104,1198,1671
b1105,83,1672
b1105,1199,1673
b1106,1200,1674
b1107,448,1675
b1108,1201,1676
b1108,1202,1677
b1109,257,1678
b1110,1203,1679
b1111,1204,1680
b1112,1205,1681
b1113,1206,1682
b1114,1207,1683
b1115,556,1684
b1116,85,1685
b1116,1208,1686
b1117,153,1687
b1118,35,1688
b1118,1209,1689
b1119,1210,1690
b1120,1211,1691
b1121,1160,1692
b1122,1212,1693
b1123,1213,1694
b1123,1214,1695
b1123,1215,1696
b1124,1002,1697
b1125,1216,1698
b1126,0,1699
b1126,1,1700
b1127,162,1701
b1127,1217,1702
b1128,1218,1703
b1129,302,1704
b1129,1219,1705
b1130,1220,1706
b1130,1221,1707
b1130,1222,1708
b1131,14,1709
b1132,1223,1710
b1133,1224,1711
b1134,1225,1712
b1135,366,1713
b1135,1226,1714
b1136,536,1715
b1136,542,1716
b1136,1227,1717
b1137,68,1718
b1138,477,1719
b1138,709,1720
b1139,1228,1721
b1140,1229,1722
b1141,1230,1723
b1142,1231,1724
b1143,1232,1725
b1144,77,1726
b1145,1002,1727
b1146,1233,1728
b1146,1234,1729
b1146,1235,1730
b1147,1236,1731
b1148,638,1732
b1148,639,1733
b1149,1132,1734
b1149,1237,1735
b1150,1238,1736
b1151,1239,1737
b1151,1240,1738
b1152,959,1739
b1152,1241,1740
b1153,1242,1741
b1154,1243,1742
b1155,1244,1743
b1156,1245,1744
b1157,1246,1745
b1158,1247,1746
b1159,1248,1747
b1160,1249,1748
b1161,165,1749
b1162,1250,1750
b1163,1251,1751
b1164,1252,1752
b1165,1253,1753
b1166,1254,1754
b1167,1255,1755
b1167,31,1756
b1167,1256,1757
b1167,1257,1758
b1168,1258,1759
b1169,1259,1760
b1169,1029,1761
b1169,1260,1762
b1170,1261,1763
b1170,1262,1764
b1171,461,1765
b1171,1263,1766
b1172,1264,1767
b1173,1265,1768
b1174,1266,1769
b1175,1267,1770
b1176,1268,1771
b1177,1269,1772
b1178,1270,1773
b1179,697,1774
b1180,1271,1775
b1181,1272,1776
b1182,524,1777
b1183,1273,1778
b1184,1274,1779
b1185,1275,1780
b1186,504,1781
b1186,1276,1782
b1186,86,1783
b1187,1277,1784
b1187,1277,1785
b1187,1278,1786
b1188,1279,1787
b1188,1280,1788
b1189,799,1789
b1189,800,1790
b1189,1281,1791
b1190,1282,1792
b1191,816,1793
b1192,1283,1794
b1193,258,1795
b1193,1284,1796
b1194,1285,1797
b1195,1286,1798
b1195,1287,1799
b1195,1288,1800
b1196,1248,1801
b1197,647,1802
b1198,638,1803
b1198,639,1804
b1199,248,1805
b1200,1289,1806
b1201,248,1807
b1202,1290,1808
b1203,556,1809
b1204,1291,1810
b1205,2,1811
b1206,1292,1812
b1207,1293,1813
b1208,1294,1814
b1209,1295,1815
b1209,1296,1816
b1210,1242,1817
b1211,1297,1818
b1212,613,1819
b1213,1298,1820
b1214,1299,1821
b1215,1300,1822
b1216,1301,1823
b1217,87,1824
b1218,529,1825
b1218,1302,1826
b1219,493,1827
b1220,1303,1828
b1221,950,1829
b1221,1304,1830
b1222,1305,1831
b1223,1306,1832
b1224,1307,1833
b1224,1308,1834
b1225,1309,1835
b1226,1310,1836
b1226,1311,1837
b1227,1312,1838
b1227,1313,1839
b1228,83,1840
b1228,1314,1841
b1229,1315,1842
b1229,48,1843
b1230,1245,1844
b1231,211,1845
b1232,1316,1846
b1233,1297,1847
b1234,1317,1848
b1234,1318,1849
b1235,1319,1850
b1236,1320,1851
b1237,85,1852
b1237,408,1853
b1238,1073,1854
b1239,1321,1855
b1240,816,1856
b1241,1322,1857
b1242,110,1858
b1243,1323,1859
b1243,1324,1860
b1243,1325,1861
b1244,1326,1862
b1245,304,1863
b1246,1327,1864
b1247,272,1865
b1247,1328,1866
b1247,1329,1867
b1247,1330,1868
b1247,1331,1869
b1247,1332,1870
b1248,1333,1871
b1249,1334,1872
b1249,1335,1873
b1249,1336,1874
b1250,1337,1875
b1250,1338,1876
b1251,14,1877
b1252,1339,1878
b1252,1340,1879
b1252,1341,1880
b1253,1342,1881
b1253,1343,1882
b1254,1344,1883
b1255,1345,1884
b1256,518,1885
b1257,1346,1886
b1258,1275,1887
b1259,1347,1888
b1259,1348,1889
b1259,1349,1890
b1260,1297,1891
b1261,39,1892
b1262,1292,1893
b1263,1350,1894
b1263,1351,1895
b1263,1352,1896
b1264,1353,1897
b1265,1354,1898
b1265,1355,1899
b1265,1356,1900
b1266,1357,1901
b1267,346,1902
b1267,1358,1903
b1267,1359,1904
b1267,1360,1905
b1268,529,1906
b1268,1302,1907
b1269,1361,1908
b1270,1362,1909
b1270,1363,1910
b1271,1364,1911
b1272,1365,1912
b1273,346,1913
b1273,1366,1914
b1274,1216,1915
b1275,1367,1916
b1275,1368,1917
b1275,1369,1918
b1276,1362,1919
b1276,1363,1920
b1277,474,1921
b1278,1370,1922
b1279,1371,1923
b1279,1372,1924
b1279,1373,1925
b1280,162,1926
b1281,22,1927
b1282,1374,1928
b1282,1375,1929
b1283,1376,1930
b1283,48,1931
b1283,1377,1932
b1283,1378,1933
b1284,345,1934
b1285,1213,1935
b1285,1379,1936
b1286,22,1937
b1286,1380,1938
b1287,1381,1939
b1288,1382,1940
b1289,39,1941
b1290,568,1942
b1291,1383,1943
b1292,18,1944
b1292,1384,1945
b1293,840,1946
b1294,199,1947
b1295,1385,1948
b1295,1386,1949
b1296,1387,1950
b1296,1388,1951
b1296,1389,1952
b1297,1390,1953
b1297,1391,1954
b1297,1392,1955
b1297,1393,1956
b1297,1394,1957
b1297,1395,1958
b1298,1383,1959
b1299,1040,1960
b1299,1041,1961
b1299,1042,1962
b1300,0,1963
b1301,1396,1964
b1302,1397,1965
b1302,1398,1966
b1303,1399,1967
b1303,1400,1968
b1303,1401,1969
b1304,909,1970
b1305,1402,1971
b1306,1403,1972
b1307,476,1973
b1307,1404,1974
b1308,1405,1975
b1308,1406,1976
b1309,617,1977
b1310,1003,1978
b1311,7,1979
b1311,1407,1980
b1312,161,1981
b1313,1408,1982
b1314,1258,1983
b1315,909,1984
b1316,1409,1985
b1317,1410,1986
b1318,1411,1987
b1318,1412,1988
b1319,1032,1989
b1319,1033,1990
b1319,1413,1991
b1319,1034,1992
b1319,1035,1993
b1319,1414,1994
b1319,1415,1995
b1319,1416,1996
b1319,1417,1997
b1319,1036,1998
b1320,1079,1999
b1321,1418,2000
b1322,1419,2001
b1322,1420,2002
b1322,1421,2003
b1323,0,2004
b1324,909,2005
b1325,749,2006
b1325,1422,2007
b1326,1423,2008
b1327,732,2009
b1327,1019,2010
b1327,1424,2011
b1328,1425,2012
b1329,1426,2013
b1329,1427,2014
b1330,341,2015
b1331,1428,2016
b1331,1429,2017
b1332,1430,2018
b1333,346,2019
b1334,206,2020
b1335,345,2021
b1336,1431,2022
b1337,1432,2023
b1338,1433,2024
b1339,1434,2025
b1340,259,2026
b1341,1435,2027
b1342,736,2028
b1342,738,2029
b1342,1436,2030
b1343,1132,2031
b1344,1032,2032
b1344,1413,2033
b1344,1033,2034
b1344,1035,2035
b1344,1437,2036
b1344,1438,2037
b1344,1439,2038
b1344,1034,2039
b1344,1415,2040
b1344,1440,2041
b1344,1417,2042
b1344,1036,2043
b1345,0,2044
b1345,1441,2045
b1346,1442,2046
b1347,188,2047
b1348,1443,2048
b1348,1444,2049
b1349,382,2050
b1349,1445,2051
b1350,1446,2052
b1351,1447,2053
b1352,1448,2054
b1353,0,2055
b1353,1449,2056
b1353,1450,2057
b1353,1451,2058
b1354,1452,2059
b1355,1453,2060
b1356,934,2061
b1356,1454,2062
b1357,1455,2063
b1357,1456,2064
b1358,1457,2065
b1359,1458,2066
b1359,1459,2067
b1360,1040,2068
b1360,1041,2069
b1360,1042,2070
b1361,89,2071
b1362,556,2072
b1363,1460,2073
b1364,1461,2074
b1365,31,2075
b1366,85,2076
b1366,1462,2077
b1366,1006,2078
b1367,1463,2079
b1367,1464,2080
b1368,382,2081
b1368,1445,2082
b1369,1465,2083
b1370,501,2084
b1370,1466,2085
b1371,1132,2086
b1372,909,2087
b1373,1467,2088
b1374,500,2089
b1375,445,2090
b1375,1468,2091
b1376,615,2092
b1377,571,2093
b1378,987,2094
b1379,1469,2095
b1379,1470,2096
b1379,1471,2097
b1380,1472,2098
b1381,1473,2099
b1382,1474,2100
b1382,1475,2101
b1383,909,2102
b1384,1476,2103
b1385,1477,2104
b1385,1478,2105
b1386,1479,2106
b1387,1327,2107
b1388,1480,2108
b1389,1481,2109
b1390,1482,2110
b1391,1483,2111
b1391,1484,2112
b1392,1485,2113
b1393,1486,2114
b1393,1487,2115
b1394,1488,2116
b1395,1485,2117
b1396,217,2118
b1396,1489,2119
b1397,1490,2120
b1398,15,2121
b1398,1491,2122
b1398,1492,2123
b1399,341,2124
b1400,1493,2125
b1401,1494,2126
b1402,1495,2127
b1403,1496,2128
b1404,1497,2129
b1404,1498,2130
b1404,1499,2131
b1405,1500,2132
b1405,1501,2133
b1406,647,2134
b1407,22,2135
b1407,1502,2136
b1407,1503,2137
b1407,1504,2138
b1408,14,2139
b1408,1505,2140
b1409,1409,2141
b1410,1506,2142
b1411,1507,2143
b1411,1508,2144
b1412,62,2145
b1412,1509,2146
b1413,520,2147
b1413,1510,2148
b1414,1511,2149
b1415,1512,2150
b1416,709,2151
b1417,62,2152
b1417,1099,2153
b1418,1513,2154
b1419,1514,2155
b1420,1515,2156
b1421,1516,2157
b1422,749,2158
b1422,1517,2159
b1423,1518,2160
b1424,1519,2161
b1425,1520,2162
b1426,1521,2163
b1426,434,2164
b1427,31,2165
b1427,1522,2166
b1428,48,2167
b1428,1523,2168
b1429,246,2169
b1429,1524,2170
b1430,1525,2171
b1431,1526,2172
b1432,1347,2173
b1432,1527,2174
b1433,25,2175
b1433,1528,2176
b1434,1529,2177
b1434,1530,2178
b1435,211,2179
b1436,894,2180
b1437,1531,2181
b1438,1532,2182
b1439,823,2183
b1439,1533,2184
b1439,1534,2185
b1439,1535,2186
b1439,1536,2187
b1440,1537,2188
b1441,1538,2189
b1442,1409,2190
b1443,1485,2191
b1444,1539,2192
b1445,3,2193
b1445,1540,2194
b1446,211,2195
b1447,1541,2196
b1447,1542,2197
b1448,910,2198
b1449,48,2199
b1449,411,2200
b1449,1543,2201
b1450,1544,2202
b1451,1545,2203
b1452,1317,2204
b1452,1546,2205
b1453,1477,2206
b1453,1547,2207
b1454,1548,2208
b1454,1549,2209
b1454,1550,2210
b1455,1551,2211
b1456,1552,2212
b1457,1132,2213
b1457,1553,2214
b1458,1554,2215
b1459,1555,2216
b1460,1556,2217
b1460,1557,2218
b1461,529,2219
b1461,1558,2220
b1462,1559,2221
b1462,1560,2222
b1463,1561,2223
b1463,1562,2224
b1463,1563,2225
b1464,1564,2226
b1464,1565,2227
b1464,1566,2228
b1465,254,2229
b1466,1567,2230
b1467,1132,2231
b1468,1568,2232
b1468,1569,2233
b1469,1551,2234
b1470,1570,2235
b1471,1571,2236
b1471,1572,2237
b1471,1573,2238
b1471,1574,2239
b1472,1403,2240
b1473,25,2241
b1473,1575,2242
b1473,1576,2243
b1474,1567,2244
b1475,1132,2245
b1476,909,2246
b1476,1577,2247
b1477,1578,2248
b1478,1482,2249
b1478,1579,2250
b1479,1580,2251
b1479,1581,2252
b1480,1582,2253
b1481,1132,2254
b1482,1583,2255
b1483,1584,2256
b1483,1585,2257
b1484,1586,2258
b1485,1029,2259
b1485,1587,2260
b1486,1588,2261
b1487,1589,2262
b1488,1590,2263
b1489,1591,2264
b1490,1592,2265
b1491,1593,2266
b1492,1594,2267
b1493,1595,2268
b1494,1596,2269
b1495,536,2270
b1496,1597,2271
b1496,1598,2272
b1497,1599,2273
b1498,1600,2274
b1499,1601,2275
b1500,1602,2276
b1501,217,2277
b1502,1603,2278
b1503,1604,2279
b1504,1605,2280
b1505,1606,2281
b1506,1607,2282
b1507,1608,2283
b1508,1609,2284
b1509,1610,2285
b1510,1611,2286
b1511,1612,2287
b1512,1613,2288
b1513,1614,2289
b1514,699,2290
b1515,334,2291
b1515,1615,2292
b1516,1616,2293
b1517,1617,2294
b1518,1286,2295
b1518,1618,2296
b1519,1619,2297
b1520,1620,2298
b1521,1621,2299
b1522,1622,2300
b1523,1623,2301
b1523,1624,2302
b1524,1625,2303
b1525,31,2304
b1526,699,2305
b1527,1626,2306
b1528,1627,2307
b1528,1628,2308
b1529,1629,2309
b1530,1630,2310
b1531,1631,2311
b1532,1632,2312
b1533,1633,2313
b1534,1634,2314
b1534,1635,2315
b1534,1636,2316
b1535,1637,2317
b1536,1411,2318
b1537,1638,2319
b1538,1639,2320
b1539,1640,2321
b1540,1641,2322
b1541,1642,2323
b1542,1643,2324
b1543,1644,2325
b1544,1645,2326
b1544,1646,2327
b1545,1647,2328
b1546,754,2329
b1546,1648,2330
b1547,1649,2331
b1548,1650,2332
b1549,1651,2333
b1550,1652,2334
b1551,1653,2335
b1552,1654,2336
b1553,1655,2337
b1554,1656,2338
b1555,1657,2339
b1556,1658,2340
b1557,1659,2341
b1558,1660,2342
b1559,1661,2343
b1560,1662,2344
b1561,1663,2345
b1561,1664,2346
b1561,1665,2347
b1561,1666,2348
b1561,1667,2349
b1561,1668,2350
b1561,1669,2351
b1562,1670,2352
b1563,1671,2353
b1564,1672,2354
b1565,831,2355
b1565,1673,2356
b1566,1674,2357
b1567,997,2358
b1567,1675,2359
b1568,1676,2360
b1569,1677,2361
b1570,1678,2362
b1571,1679,2363
b1571,1680,2364
b1572,586,2365
b1572,1681,2366
b1573,1682,2367
b1574,456,2368
b1574,1683,2369
b1575,1684,2370
b1576,1685,2371
b1577,1686,2372
b1578,1687,2373
b1578,1688,2374
b1579,1689,2375
b1580,1690,2376
b1581,1691,2377
b1582,1692,2378
b1583,1693,2379
b1584,1694,2380
b1585,1695,2381
b1586,1696,2382
b1587,1697,2383
b1588,1698,2384
b1589,1699,2385
b1589,1700,2386
b1589,1701,2387
b1590,1702,2388
b1591,1703,2389
b1592,1704,2390
b1592,1705,2391
b1593,1706,2392
b1593,1707,2393
b1594,1708,2394
b1595,1709,2395
b1596,1710,2396
b1596,1711,2397
b1597,1712,2398
b1598,1007,2399
b1598,1713,2400
b1598,1714,2401
b1599,494,2402
b1599,1715,2403
b1599,495,2404
b1599,496,2405
b1600,1716,2406
b1601,539,2407
b1601,1717,2408
b1601,1718,2409
b1602,969,2410
b1603,798,2411
b1604,1719,2412
b1605,1720,2413
b1606,1291,2414
b1607,1721,2415
b1608,330,2416
b1608,1722,2417
b1608,1723,2418
b1608,1724,2419
b1609,1725,2420
b1610,1726,2421
b1610,1727,2422
b1611,1564,2423
b1612,1564,2424
b1612,1565,2425
b1612,1566,2426
b1613,1057,2427
b1613,1728,2428
b1613,1587,2429
b1613,1729,2430
b1614,281,2431
b1615,57,2432
b1615,58,2433
b1616,1730,2434
b1616,1731,2435
b1617,1732,2436
b1617,1733,2437
b1618,1361,2438
b1619,1057,2439
b1619,1734,2440
b1620,1735,2441
b1621,1736,2442
b1622,1204,2443
b1622,1737,2444
b1623,10,2445
b1623,1738,2446
b1623,1739,2447
b1624,14,2448
b1624,911,2449
b1625,217,2450
b1626,77,2451
b1627,197,2452
b1628,129,2453
b1628,1740,2454
b1628,1741,2455
b1629,1742,2456
b1629,1743,2457
b1630,1744,2458
b1630,1745,2459
b1631,87,2460
b1631,305,2461
b1632,83,2462
b1633,62,2463
b1633,1746,2464
b1634,1747,2465
b1635,1748,2466
b1636,10,2467
b1636,1749,2468
b1636,1750,2469
b1637,1751,2470
b1638,1752,2471
b1638,1753,2472
b1639,1754,2473
b1640,1755,2474
b1641,998,2475
b1641,999,2476
b1641,1000,2477
b1641,1001,2478
b1642,1756,2479
b1643,1757,2480
b1644,1758,2481
b1644,1759,2482
b1645,217,2483
b1646,217,2484
b1646,1760,2485
b1646,1761,2486
b1647,422,2487
b1647,1762,2488
b1648,60,2489
b1648,214,2490
b1649,1763,2491
b1649,1764,2492
b1650,1765,2493
b1651,14,2494
b1651,911,2495
b1652,25,2496
b1652,1766,2497
b1652,1767,2498
b1652,1768,2499
b1652,1769,2500
b1653,126,2501
b1653,1770,2502
b1654,1771,2503
b1654,1772,2504
b1655,11,2505
b1656,29,2506
b1656,1773,2507
b1656,1774,2508
b1656,1775,2509
b1657,1776,2510
b1658,420,2511
b1659,504,2512
b1660,1777,2513
b1661,1103,2514
b1662,1778,2515
b1663,141,2516
b1663,1779,2517
b1664,29,2518
b1664,1780,2519
b1664,1781,2520
b1665,1782,2521
b1665,1783,2522
b1665,1784,2523
b1666,1785,2524
b1666,1786,2525
b1667,1787,2526
b1667,1788,2527
b1668,217,2528
b1669,254,2529
b1670,14,2530
b1670,1789,2531
b1671,224,2532
b1671,1790,2533
b1671,1791,2534
b1672,1792,2535
b1673,1793,2536
b1673,1794,2537
b1674,1795,2538
b1675,22,2539
b1675,457,2540
b1676,1796,2541
b1676,1797,2542
b1677,64,2543
b1677,58,2544
b1677,59,2545
b1678,258,2546
b1678,1798,2547
b1679,237,2548
b1679,1799,2549
b1680,44,2550
b1680,1800,2551
b1681,1057,2552
b1682,1801,2553
b1683,1095,2554
b1684,1802,2555
b1685,1803,2556
b1686,1804,2557
b1687,1805,2558
b1688,1806,2559
b1689,1807,2560
b1690,1808,2561
b1691,288,2562
b1691,1809,2563
b1691,1810,2564
b1692,1811,2565
b1693,1812,2566
b1694,1813,2567
b1695,1814,2568
b1696,1815,2569
b1697,1816,2570
b1698,1817,2571
b1699,1818,2572
b1699,1819,2573
b1700,1820,2574
b1700,217,2575
b1700,1821,2576
b1701,1822,2577
b1702,1823,2578
b1702,1824,2579
b1703,22,2580
b1703,1825,2581
b1703,1826,2582
b1704,10,2583
b1705,1827,2584
b1706,1828,2585
b1707,1604,2586
b1708,1829,2587
b1709,479,2588
b1710,1830,2589
b1711,1831,2590
b1712,1832,2591
b1712,1833,2592
b1712,1834,2593
b1713,1835,2594
b1714,1057,2595
b1715,1836,2596
b1716,1837,2597
b1717,1838,2598
b1718,1839,2599
b1718,1798,2600
b1719,1840,2601
b1720,1841,2602
b1721,1842,2603
b1722,1843,2604
b1723,25,2605
b1723,1844,2606
b1724,1057,2607
b1725,1845,2608
b1726,878,2609
b1727,1846,2610
b1727,1847,2611
b1728,193,2612
b1728,1848,2613
b1728,1849,2614
b1729,1850,2615
b1730,1851,2616
b1731,1852,2617
b1732,1853,2618
b1733,613,2619
b1734,937,2620
b1735,1854,2621
b1736,1855,2622
b1737,1856,2623
b1738,1857,2624
b1739,1858,2625
b1739,1859,2626
b1739,1860,2627
b1739,1861,2628
b1739,1862,2629
b1739,1863,2630
b1739,1864,2631
b1739,1865,2632
b1739,1866,2633
b1739,1867,2634
b1740,1868,2635
b1740,1869,2636
b1740,1870,2637
b1741,1871,2638
b1742,458,2639
b1743,1872,2640
b1744,1873,2641
b1745,1874,2642
b1746,1875,2643
b1747,283,2644
b1747,1876,2645
b1748,1877,2646
b1749,7,2647
b1749,1878,2648
b1750,141,2649
b1751,1204,2650
b1752,1879,2651
b1753,1880,2652
b1753,1881,2653
b1754,1882,2654
b1755,1883,2655
b1756,1884,2656
b1757,1885,2657
b1758,1886,2658
b1759,1887,2659
b1760,1888,2660
b1761,1793,2661
b1761,1889,2662
b1762,1890,2663
b1762,1891,2664
b1763,1197,2665
b1763,1892,2666
b1764,1710,2667
b1764,1711,2668
b1765,1893,2669
b1765,1894,2670
b1766,1057,2671
b1766,1895,2672
b1767,539,2673
b1768,1896,2674
b1768,1897,2675
b1769,1898,2676
b1770,25,2677
b1770,1899,2678
b1771,1900,2679
b1771,1901,2680
b1771,1902,2681
b1772,258,2682
b1773,271,2683
b1774,1903,2684
b1774,1904,2685
b1775,1905,2686
b1775,1456,2687
b1775,1455,2688
b1776,798,2689
b1776,1906,2690
b1777,1907,2691
b1778,1908,2692
b1778,1909,2693
b1779,82,2694
b1780,1910,2695
b1780,1911,2696
b1780,1912,2697
b1781,1216,2698
b1782,1913,2699
b1782,1914,2700
b1782,1915,2701
b1783,320,2702
b1783,1916,2703
b1784,1917,2704
b1785,254,2705
b1785,1918,2706
b1786,1792,2707
b1786,1919,2708
b1787,64,2709
b1787,1920,2710
b1787,1921,2711
b1788,1736,2712
b1789,1922,2713
b1789,1923,2714
b1790,782,2715
b1791,161,2716
b1792,1924,2717
b1792,1925,2718
b1792,1926,2719
b1792,1927,2720
b1793,1928,2721
b1794,1929,2722
b1794,117,2723
b1794,118,2724
b1795,1930,2725
b1796,420,2726
b1797,431,2727
b1798,60,2728
b1798,1931,2729
b1798,1932,2730
b1799,1933,2731
b1799,1934,2732
b1799,1935,2733
b1800,1936,2734
b1801,48,2735
b1802,1937,2736
b1803,798,2737
b1803,797,2738
b1804,15,2739
b1804,1938,2740
b1805,529,2741
b1805,1939,2742
b1806,130,2743
b1806,1509,2744
b1806,1940,2745
b1807,481,2746
b1807,1941,2747
b1808,215,2748
b1808,1942,2749
b1809,25,2750
b1809,1943,2751
b1810,382,2752
b1811,1944,2753
b1812,1945,2754
b1813,732,2755
b1813,1946,2756
b1814,3,2757
b1815,39,2758
b1816,14,2759
b1817,1947,2760
b1818,301,2761
b1819,57,2762
b1819,1948,2763
b1820,62,2764
b1820,1949,2765
b1821,437,2766
b1821,1950,2767
b1822,60,2768
b1822,1951,2769
b1823,1952,2770
b1824,1953,2771
b1825,82,2772
b1826,1954,2773
b1827,703,2774
b1827,1955,2775
b1827,1956,2776
b1828,1957,2777
b1829,1958,2778
b1829,1959,2779
b1830,141,2780
b1830,1960,2781
b1831,35,2782
b1832,365,2783
b1833,1961,2784
b1834,704,2785
b1834,1962,2786
b1835,3,2787
b1835,1963,2788
b1835,1964,2789
b1836,1965,2790
b1836,1966,2791
b1836,1967,2792
b1837,161,2793
b1837,1968,2794
b1838,1969,2795
b1839,1970,2796
b1840,199,2797
b1840,1971,2798
b1841,1972,2799
b1842,12,2800
b1843,956,2801
b1844,1973,2802
b1844,1974,2803
b1844,1975,2804
b1845,1976,2805
b1846,1977,2806
b1846,1978,2807
b1846,1979,2808
b1846,1980,2809
b1847,1981,2810
b1847,1982,2811
b1848,1983,2812
b1849,1984,2813
b1849,1985,2814
b1850,254,2815
b1851,1986,2816
b1852,1987,2817
b1853,1988,2818
b1853,1989,2819
b1853,1990,2820
b1853,1991,2821
b1853,1992,2822
b1853,1993,2823
b1854,1604,2824
b1855,1994,2825
b1856,1995,2826
b1857,1996,2827
b1857,1997,2828
b1857,1998,2829
b1858,1999,2830
b1858,2000,2831
b1858,2001,2832
b1859,2002,2833
b1860,2003,2834
b1861,1128,2835
b1861,2004,2836
b1862,2005,2837
b1863,2006,2838
b1864,1620,2839
b1865,2007,2840
b1865,2008,2841
b1866,961,2842
b1867,2009,2843
b1868,2010,2844
b1869,704,2845
b1869,2011,2846
b1870,2012,2847
b1870,2013,2848
b1871,2014,2849
b1871,2015,2850
b1872,2016,2851
b1873,2017,2852
b1874,2018,2853
b1874,2019,2854
b1875,2020,2855
b1876,2021,2856
b1877,773,2857
b1877,774,2858
b1878,2022,2859
b1879,1858,2860
b1880,2023,2861
b1881,1871,2862
b1882,2024,2863
b1883,2025,2864
b1884,2026,2865
b1885,2027,2866
b1886,2028,2867
b1886,2029,2868
b1887,2030,2869
b1888,335,2870
b1889,90,2871
b1889,2031,2872
b1889,2032,2873
b1890,2033,2874
b1890,2034,2875
b1891,330,2876
b1892,2035,2877
b1893,2036,2878
b1894,2037,2879
b1895,2038,2880
b1895,2039,2881
b1895,2040,2882
b1895,2041,2883
b1895,2042,2884
b1895,2043,2885
b1895,2044,2886
b1896,2045,2887
b1897,2046,2888
b1898,2047,2889
b1899,2048,2890
b1900,2049,2891
b1900,2050,2892
b1900,2051,2893
b1901,1917,2894
b1902,2052,2895
b1903,142,2896
b1903,1150,2897
b1904,18,2898
b1905,3,2899
b1906,2053,2900
b1907,2054,2901
b1908,2055,2902
b1909,978,2903
b1910,2056,2904
b1910,2057,2905
b1910,2058,2906
b1910,2059,2907
b1911,2060,2908
b1911,2061,2909
b1912,10,2910
b1912,2062,2911
b1912,2063,2912
b1913,798,2913
b1913,1906,2914
b1914,10,2915
b1915,799,2916
b1916,2064,2917
b1916,2065,2918
b1917,2066,2919
b1918,2067,2920
b1918,2068,2921
b1918,2069,2922
b1918,2070,2923
b1919,2071,2924
b1919,2072,2925
b1920,703,2926
b1921,2073,2927
b1921,2074,2928
b1922,807,2929
b1923,2075,2930
b1923,2076,2931
b1924,422,2932
b1925,2077,2933
b1925,2078,2934
b1925,2079,2935
b1925,2080,2936
b1926,378,2937
b1926,2081,2938
b1926,2082,2939
b1926,2083,2940
b1927,2084,2941
b1927,2085,2942
b1928,7,2943
b1928,2086,2944
b1928,2087,2945
b1929,798,2946
b1930,41,2947
b1930,2088,2948
b1931,48,2949
b1932,48,2950
b1933,56,2951
b1934,215,2952
b1934,1099,2953
b1935,53,2954
b1936,382,2955
b1937,2089,2956
b1938,658,2957
b1939,1259,2958
b1939,2090,2959
b1940,87,2960
b1940,2091,2961
b1941,2092,2962
b1942,2093,2963
b1943,2094,2964
b1944,411,2965
b1945,22,2966
b1945,2095,2967
b1946,732,2968
b1946,2096,2969
b1947,437,2970
b1948,1561,2971
b1949,2097,2972
b1950,141,2973
b1950,2098,2974
b1951,2099,2975
b1951,2100,2976
b1951,2101,2977
b1952,667,2978
b1952,2102,2979
b1953,303,2980
b1954,1347,2981
b1954,2103,2982
b1955,2104,2983
b1955,2105,2984
b1955,2106,2985
b1956,151,2986
b1956,2107,2987
b1957,2108,2988
b1957,2109,2989
b1958,479,2990
b1959,2110,2991
b1959,2111,2992
b1959,2112,2993
b1960,2113,2994
b1961,2114,2995
b1962,2115,2996
b1963,2116,2997
b1963,542,2998
b1964,2117,2999
b1964,2118,3000
b1965,2119,3001
b1966,879,3002
b1967,2120,3003
b1968,2121,3004
b1969,2122,3005
b1970,2123,3006
b1971,2124,3007
b1971,2125,3008
b1972,2126,3009
b1973,2127,3010
b1974,2128,3011
b1975,2129,3012
b1976,2130,3013
b1977,2131,3014
b1978,2132,3015
b1979,2133,3016
b1980,254,3017
b1980,2134,3018
b1981,2135,3019
b1981,2136,3020
b1982,751,3021
b1983,2137,3022
b1984,2138,3023
b1985,1620,3024
b1986,2139,3025
b1987,2140,3026
b1988,2141,3027
b1988,2142,3028
b1989,2143,3029
b1990,2144,3030
b1991,2145,3031
b1992,2146,3032
b1992,1459,3033
b1993,2147,3034
b1994,2148,3035
b1995,2149,3036
b1996,2150,3037
b1997,2151,3038
b1998,2152,3039
b1999,2153,3040
b2000,2154,3041
b2001,1871,3042
b2002,2155,3043
b2003,2156,3044
b2003,2157,3045
b2004,2158,3046
b2005,2159,3047
b2005,2160,3048
b2006,644,3049
b2007,2161,3050
b2007,2162,3051
b2007,2163,3052
b2007,2164,3053
b2008,463,3054
b2009,1972,3055
b2010,1886,3056
b2011,2165,3057
b2012,1196,3058
b2013,2166,3059
b2014,2167,3060
b2014,2168,3061
b2015,2169,3062
b2016,1684,3063
b2017,1710,3064
b2018,2170,3065
b2019,1245,3066
b2020,3,3067
b2020,2171,3068
b2021,1259,3069
b2021,2172,3070
b2022,2173,3071
b2022,2174,3072
b2022,2175,3073
b2023,2176,3074
b2023,2177,3075
b2024,2178,3076
b2024,2179,3077
b2025,193,3078
b2025,1848,3079
b2025,2180,3080
b2026,2181,3081
b2027,2182,3082
b2028,62,3083
b2029,14,3084
b2029,911,3085
b2029,2183,3086
b2029,2184,3087
b2030,2185,3088
b2030,2186,3089
b2030,2187,3090
b2030,2188,3091
b2030,2189,3092
b2030,2190,3093
b2030,2191,3094
b2030,2192,3095
b2031,62,3096
b2032,1455,3097
b2033,1469,3098
b2034,2193,3099
b2034,2194,3100
b2035,2195,3101
b2035,2196,3102
b2036,1057,3103
b2037,2197,3104
b2038,2198,3105
b2038,2199,3106
b2038,2200,3107
b2038,2201,3108
b2038,2202,3109
b2038,1924,3110
b2039,1648,3111
b2040,2203,3112
b2040,2204,3113
b2041,345,3114
b2041,2205,3115
b2042,41,3116
b2042,197,3117
b2043,782,3118
b2044,188,3119
b2045,2206,3120
b2046,271,3121
b2047,2207,3122
b2048,217,3123
b2048,2208,3124
b2049,411,3125
b2049,2209,3126
b2050,301,3127
b2050,2210,3128
b2051,2211,3129
b2051,2212,3130
b2052,2213,3131
b2053,2214,3132
b2054,139,3133
b2054,2215,3134
b2055,47,3135
b2055,2216,3136
b2056,2217,3137
b2056,2218,3138
b2057,273,3139
b2057,2219,3140
b2058,2220,3141
b2059,363,3142
b2059,2221,3143
b2059,2222,3144
b2060,22,3145
b2060,2223,3146
b2061,382,3147
b2062,2224,3148
b2062,2225,3149
b2063,1838,3150
b2063,2226,3151
b2064,87,3152
b2064,2227,3153
b2065,2228,3154
b2065,2229,3155
b2066,22,3156
b2066,2230,3157
b2067,164,3158
b2067,2231,3159
b2068,2232,3160
b2069,173,3161
b2069,2233,3162
b2070,82,3163
b2071,2234,3164
b2072,2235,3165
b2072,2236,3166
b2073,2237,3167
b2074,572,3168
b2074,2238,3169
b2075,56,3170
b2075,2239,3171
b2075,2240,3172
b2076,2241,3173
b2077,31,3174
b2077,2242,3175
b2077,2243,3176
b2078,2244,3177
b2079,53,3178
b2079,2245,3179
b2080,1900,3180
b2080,2246,3181
b2080,2247,3182
b2081,2248,3183
b2082,2249,3184
b2082,2250,3185
b2083,2251,3186
b2084,2252,3187
b2084,2253,3188
b2084,2254,3189
b2085,2255,3190
b2086,2256,3191
b2087,2257,3192
b2088,2258,3193
b2089,2259,3194
b2090,479,3195
b2091,2260,3196
b2091,1982,3197
b2091,2261,3198
b2091,2262,3199
b2091,2263,3200
b2092,2264,3201
b2093,2265,3202
b2093,2175,3203
b2094,2124,3204
b2094,2266,3205
b2094,2125,3206
b2094,2267,3207
b2095,910,3208
b2096,448,3209
b2097,2268,3210
b2098,2269,3211
b2099,2270,3212
b2100,2271,3213
b2100,2272,3214
b2101,2273,3215
b2102,2274,3216
b2103,772,3217
b2104,1305,3218
b2105,2135,3219
b2105,2275,3220
b2105,2276,3221
b2106,2277,3222
b2107,1836,3223
b2108,2278,3224
b2108,2279,3225
b2109,2280,3226
b2110,2281,3227
b2111,2282,3228
b2112,1839,3229
b2113,2283,3230
b2114,2284,3231
b2114,2285,3232
b2114,2286,3233
b2114,2287,3234
b2115,2288,3235
b2116,2289,3236
b2117,2290,3237
b2118,2291,3238
b2119,1649,3239
b2120,754,3240
b2121,2292,3241
b2122,2293,3242
b2123,2294,3243
b2124,82,3244
b2125,463,3245
b2126,2295,3246
b2127,2296,3247
b2128,2297,3248
b2128,2298,3249
b2128,2299,3250
b2129,1312,3251
b2129,2300,3252
b2129,2301,3253
b2130,2302,3254
b2131,2303,3255
b2132,198,3256
b2132,2304,3257
b2132,2305,3258
b2132,2306,3259
b2133,2307,3260
b2134,2308,3261
b2134,2309,3262
b2135,2310,3263
b2136,2311,3264
b2137,2312,3265
b2138,2313,3266
b2138,2314,3267
b2138,2315,3268
b2138,2316,3269
b2139,41,3270
b2140,2317,3271
b2141,799,3272
b2142,2318,3273
b2143,2319,3274
b2143,1150,3275
b2144,498,3276
b2144,2320,3277
b2145,2321,3278
b2145,2322,3279
b2146,2323,3280
b2147,105,3281
b2147,174,3282
b2148,596,3283
b2148,2324,3284
b2148,1648,3285
b2149,142,3286
b2149,2325,3287
b2149,2326,3288
b2150,2327,3289
b2150,2328,3290
b2151,382,3291
b2151,2329,3292
b2152,539,3293
b2152,2330,3294
b2153,129,3295
b2153,2331,3296
b2154,1245,3297
b2155,2332,3298
b2156,14,3299
b2157,57,3300
b2157,2333,3301
b2158,647,3302
b2159,199,3303
b2160,144,3304
b2160,2334,3305
b2160,2335,3306
b2161,206,3307
b2162,536,3308
b2162,2336,3309
b2162,2337,3310
b2163,2338,3311
b2164,77,3312
b2164,2339,3313
b2165,456,3314
b2165,457,3315
b2166,2340,3316
b2167,1564,3317
b2168,2341,3318
b2169,25,3319
b2169,2342,3320
b2170,1969,3321
b2170,2343,3322
b2170,1284,3323
b2171,48,3324
b2172,2344,3325
b2173,2345,3326
b2174,2346,3327
b2174,2347,3328
b2174,2348,3329
b2174,2349,3330
b2175,2350,3331
b2175,2351,3332
b2175,2352,3333
b2176,2353,3334
b2177,3,3335
b2178,159,3336
b2179,2354,3337
b2179,2355,3338
b2179,2356,3339
b2179,2357,3340
b2180,454,3341
b2181,260,3342
b2182,2358,3343
b2182,4,3344
b2183,2359,3345
b2183,2360,3346
b2184,2056,3347
b2184,2361,3348
b2185,144,3349
b2186,301,3350
b2187,456,3351
b2187,2362,3352
b2188,1561,3353
b2188,2363,3354
b2188,2364,3355
b2188,2365,3356
b2189,703,3357
b2189,354,3358
b2190,1070,3359
b2190,2366,3360
b2191,2367,3361
b2191,2368,3362
b2192,2369,3363
b2192,2370,3364
b2193,60,3365
b2193,2371,3366
b2194,2372,3367
b2195,1890,3368
b2196,614,3369
b2197,2373,3370
b2197,2374,3371
b2198,145,3372
b2199,152,3373
b2199,2375,3374
b2200,1362,3375
b2200,2376,3376
b2200,2377,3377
b2200,1991,3378
b2201,168,3379
b2202,2378,3380
b2202,2379,3381
b2203,382,3382
b2203,2380,3383
b2204,2381,3384
b2205,2382,3385
b2206,111,3386
b2207,2383,3387
b2208,183,3388
b2209,35,3389
b2210,25,3390
b2211,18,3391
b2212,2384,3392
b2212,2385,3393
b2213,2386,3394
b2213,180,3395
b2214,2387,3396
b2214,2388,3397
b2215,330,3398
b2216,751,3399
b2217,1225,3400
b2218,283,3401
b2218,82,3402
b2218,2389,3403
b2219,906,3404
b2220,2390,3405
b2221,2391,3406
b2222,2126,3407
b2223,2392,3408
b2224,1182,3409
b2225,2393,3410
b2226,2394,3411
b2227,2395,3412
b2227,2396,3413
b2228,2397,3414
b2229,2398,3415
b2229,2399,3416
b2230,2400,3417
b2231,2401,3418
b2232,2402,3419
b2233,2403,3420
b2234,2404,3421
b2234,2405,3422
b2235,185,3423
b2235,2406,3424
b2236,2407,3425
b2237,1439,3426
b2238,2408,3427
b2239,2409,3428
b2240,2410,3429
b2241,2411,3430
b2241,197,3431
b2241,2412,3432
b2242,2413,3433
b2243,2293,3434
b2244,686,3435
b2244,2414,3436
b2244,2415,3437
b2245,1437,3438
b2245,82,3439
b2246,188,3440
b2247,2416,3441
b2247,2417,3442
b2248,1532,3443
b2249,1612,3444
b2250,2340,3445
b2251,1564,3446
b2252,2418,3447
b2252,2419,3448
b2253,2420,3449
b2254,81,3450
b2254,33,3451
b2255,2421,3452
b2256,2422,3453
b2257,826,3454
b2257,2423,3455
b2258,2424,3456
b2259,2425,3457
b2259,2426,3458
b2259,2427,3459
b2260,2428,3460
b2261,48,3461
b2261,2429,3462
b2262,1594,3463
b2263,48,3464
b2264,2430,3465
b2264,2431,3466
b2265,2432,3467
b2265,2433,3468
b2266,2434,3469
b2267,3,3470
b2268,261,3471
b2268,262,3472
b2269,798,3473
b2269,2435,3474
b2270,2436,3475
b2271,2437,3476
b2271,1750,3477
b2271,2438,3478
b2271,2439,3479
b2272,81,3480
b2273,1197,3481
b2273,2440,3482
b2274,1109,3483
b2275,411,3484
b2276,2441,3485
b2276,2442,3486
b2277,879,3487
b2278,2319,3488
b2278,2443,3489
b2279,2444,3490
b2280,199,3491
b2280,2445,3492
b2280,2446,3493
b2281,2447,3494
b2282,2448,3495
b2283,3,3496
b2284,2449,3497
b2284,2450,3498
b2285,2451,3499
b2286,14,3500
b2287,2452,3501
b2287,2453,3502
b2288,2454,3503
b2289,2344,3504
b2290,2455,3505
b2290,2456,3506
b2291,2193,3507
b2291,2457,3508
b2292,2458,3509
b2293,2459,3510
b2294,1311,3511
b2295,2460,3512
b2296,2193,3513
b2296,2461,3514
b2297,498,3515
b2297,2462,3516
b2298,956,3517
b2298,864,3518
b2299,2463,3519
b2299,2464,3520
b2300,2465,3521
b2301,2466,3522
b2301,1125,3523
b2302,2467,3524
b2303,2468,3525
b2304,2469,3526
b2305,2455,3527
b2305,2470,3528
b2305,1257,3529
b2306,718,3530
b2307,2471,3531
b2307,2472,3532
b2308,2126,3533
b2309,1057,3534
b2310,2473,3535
b2311,1057,3536
b2311,2474,3537
b2312,2475,3538
b2313,2402,3539
b2313,2476,3540
b2314,2477,3541
b2315,2478,3542
b2315,2479,3543
b2316,283,3544
b2317,638,3545
b2317,639,3546
b2318,185,3547
b2318,2406,3548
b2319,2480,3549
b2320,2481,3550
b2321,2482,3551
b2322,188,3552
b2322,225,3553
b2322,2483,3554
b2322,2484,3555
b2323,2485,3556
b2323,2486,3557
b2324,2487,3558
b2325,7,3559
b2325,2488,3560
b2326,2418,3561
b2326,2419,3562
b2327,656,3563
b2328,625,3564
b2328,626,3565
b2328,627,3566
b2329,1132,3567
b2330,2489,3568
b2331,2490,3569
b2332,2318,3570
b2333,1441,3571
b2333,0,3572
b2333,2491,3573
b2334,2327,3574
b2334,2492,3575
b2335,1544,3576
b2336,2493,3577
b2337,112,3578
b2337,2494,3579
b2338,306,3580
b2339,329,3581
b2339,2495,3582
b2340,51,3583
b2341,832,3584
b2342,99,3585
b2343,1029,3586
b2344,301,3587
b2345,2496,3588
b2346,2497,3589
b2346,2498,3590
b2347,60,3591
b2347,2499,3592
b2347,2500,3593
b2348,260,3594
b2349,11,3595
b2349,2501,3596
b2349,2502,3597
b2350,657,3598
b2351,2503,3599
b2352,2504,3600
b2353,2346,3601
b2353,2505,3602
b2354,2506,3603
b2355,2507,3604
b2355,2336,3605
b2355,2337,3606
b2356,2508,3607
b2356,2509,3608
b2356,2510,3609
b2357,2454,3610
b2358,2511,3611
b2358,2512,3612
b2359,80,3613
b2360,2513,3614
b2361,2514,3615
b2361,2515,3616
b2362,1057,3617
b2362,2516,3618
b2363,258,3619
b2364,44,3620
b2364,2517,3621
b2365,2518,3622
b2366,2519,3623
b2367,116,3624
b2367,2520,3625
b2368,209,3626
b2368,2521,3627
b2369,2522,3628
b2370,2523,3629
b2371,2524,3630
b2371,2525,3631
b2372,2526,3632
b2372,2527,3633
b2372,2528,3634
b2372,2529,3635
b2372,2530,3636
b2373,2531,3637
b2374,2532,3638
b2375,2533,3639
b2375,2534,3640
b2376,2467,3641
b2377,2535,3642
b2378,14,3643
b2378,2536,3644
b2378,2537,3645
b2379,2538,3646
b2380,2539,3647
b2381,2540,3648
b2381,2541,3649
b2382,699,3650
b2383,2542,3651
b2384,813,3652
b2385,2543,3653
b2385,2544,3654
b2385,2545,3655
b2385,2546,3656
b2386,1307,3657
b2386,2547,3658
b2386,2548,3659
b2386,2549,3660
b2387,2550,3661
b2388,2551,3662
b2388,2552,3663
b2389,1057,3664
b2390,2553,3665
b2390,2554,3666
b2390,2555,3667
b2391,2556,3668
b2392,162,3669
b2393,2557,3670
b2393,2558,3671
b2394,2559,3672
b2395,2560,3673
b2396,1507,3674
b2397,2561,3675
b2398,2562,3676
b2399,2563,3677
b2400,2564,3678
b2401,2565,3679
b2402,2566,3680
b2403,22,3681
b2403,2567,3682
b2403,2568,3683
b2404,2569,3684
b2405,2570,3685
b2406,41,3686
b2407,2571,3687
b2407,2572,3688
b2407,2573,3689
b2407,2574,3690
b2408,105,3691
b2409,60,3692
b2409,2575,3693
b2410,798,3694
b2410,797,3695
b2411,783,3696
b2411,2576,3697
b2412,2577,3698
b2412,117,3699
b2412,118,3700
b2413,647,3701
b2414,159,3702
b2414,2578,3703
b2414,1312,3704
b2414,2579,3705
b2415,378,3706
b2415,2580,3707
b2415,2581,3708
b2416,815,3709
b2417,41,3710
b2418,2497,3711
b2419,618,3712
b2419,2582,3713
b2420,499,3714
b2421,419,3715
b2422,2583,3716
b2423,2584,3717
b2424,2585,3718
b2425,2586,3719
b2426,1929,3720
b2426,2587,3721
b2427,131,3722
b2428,3,3723
b2429,2588,3724
b2430,14,3725
b2431,2589,3726
b2432,248,3727
b2432,2590,3728
b2433,2591,3729
b2434,1957,3730
b2434,2592,3731
b2434,2593,3732
b2435,217,3733
b2435,2594,3734
b2435,2595,3735
b2436,2596,3736
b2436,2597,3737
b2437,1986,3738
b2438,2598,3739
b2439,2599,3740
b2440,2600,3741
b2440,2601,3742
b2441,2602,3743
b2442,2603,3744
b2442,2604,3745
b2443,1744,3746
b2444,2605,3747
b2445,2606,3748
b2446,2400,3749
b2447,2607,3750
b2447,2608,3751
b2448,516,3752
b2449,283,3753
b2449,2609,3754
b2450,476,3755
b2450,2339,3756
b2451,2610,3757
b2452,2611,3758
b2453,99,3759
b2453,2612,3760
b2454,82,3761
b2454,2613,3762
b2454,1413,3763
b2454,2614,3764
b2454,1437,3765
b2454,2615,3766
b2454,2616,3767
b2454,149,3768
b2455,2617,3769
b2456,2618,3770
b2457,2619,3771
b2458,618,3772
b2459,614,3773
b2460,2620,3774
b2461,2621,3775
b2462,2622,3776
b2463,48,3777
b2464,2623,3778
b2465,2459,3779
b2465,2624,3780
b2466,2369,3781
b2466,2625,3782
b2467,2626,3783
b2468,89,3784
b2469,2627,3785
b2469,2628,3786
b2470,199,3787
b2470,2445,3788
b2471,2629,3789
b2472,2583,3790
b2473,235,3791
b2474,329,3792
b2474,2630,3793
b2475,1593,3794
b2475,2631,3795
b2476,85,3796
b2477,2487,3797
b2478,18,3798
b2478,298,3799
b2479,2632,3800
b2479,2633,3801
b2480,2278,3802
b2480,2634,3803
b2481,2237,3804
b2482,2635,3805
b2482,2636,3806
b2483,2478,3807
b2483,2637,3808
b2484,2638,3809
b2485,2639,3810
b2486,2640,3811
b2487,2641,3812
b2488,2642,3813
b2489,2643,3814
b2490,2644,3815
b2490,2645,3816
b2491,2646,3817
b2491,2647,3818
b2492,516,3819
b2493,1832,3820
b2493,1833,3821
b2493,2648,3822
b2493,1834,3823
b2494,2649,3824
b2495,2650,3825
b2496,731,3826
b2497,1850,3827
b2498,2651,3828
b2499,2652,3829
b2499,2653,3830
b2500,2319,3831
b2500,1150,3832
b2501,2654,3833
b2502,2655,3834
b2503,271,3835
b2504,2656,3836
b2505,2657,3837
b2506,1660,3838
b2507,2658,3839
b2508,2659,3840
b2509,2660,3841
b2510,2661,3842
b2510,2662,3843
b2510,2663,3844
b2511,2664,3845
b2511,2665,3846
b2511,2666,3847
b2512,2459,3848
b2512,2624,3849
b2513,2667,3850
b2513,2668,3851
b2513,2669,3852
b2514,1564,3853
b2514,2670,3854
b2514,2671,3855
b2515,246,3856
b2515,2672,3857
b2516,41,3858
b2517,1344,3859
b2517,2673,3860
b2517,149,3861
b2517,2674,3862
b2517,2675,3863
b2518,2676,3864
b2519,2677,3865
b2520,2678,3866
b2521,2679,3867
b2521,2680,3868
b2521,2681,3869
b2521,2682,3870
b2522,2683,3871
b2522,2684,3872
b2522,2685,3873
b2523,2686,3874
b2524,89,3875
b2525,158,3876
b2526,48,3877
b2526,2687,3878
b2527,2688,3879
b2527,2689,3880
b2527,2690,3881
b2528,346,3882
b2529,2691,3883
b2530,2692,3884
b2530,2693,3885
b2531,25,3886
b2531,2694,3887
b2531,2695,3888
b2532,1439,3889
b2532,2696,3890
b2533,2697,3891
b2534,2698,3892
b2535,2699,3893
b2536,2700,3894
b2537,2338,3895
b2537,2701,3896
b2538,2702,3897
b2538,2703,3898
b2539,816,3899
b2540,1603,3900
b2541,2704,3901
b2542,2705,3902
b2543,85,3903
b2544,2706,3904
b2544,2707,3905
b2544,2708,3906
b2544,2709,3907
b2544,2710,3908
b2544,2711,3909
b2544,2712,3910
b2544,2713,3911
b2544,2714,3912
b2544,2715,3913
b2544,2716,3914
b2544,2717,3915
b2544,2718,3916
b2544,2719,3917
b2544,2720,3918
b2544,2721,3919
b2544,2722,3920
b2544,2723,3921
b2544,2724,3922
b2544,2725,3923
b2544,2726,3924
b2545,2727,3925
b2545,481,3926
b2546,2728,3927
b2547,1482,3928
b2548,2432,3929
b2549,0,3930
b2549,2628,3931
b2550,222,3932
b2551,62,3933
b2551,2729,3934
b2552,2730,3935
b2553,56,3936
b2554,966,3937
b2554,967,3938
b2554,968,3939
b2555,879,3940
b2556,2731,3941
b2556,2732,3942
b2556,2733,3943
b2557,2734,3944
b2558,1244,3945
b2559,2735,3946
b2559,2736,3947
b2560,2737,3948
b2560,2738,3949
b2561,10,3950
b2562,531,3951
b2563,2739,3952
b2563,2740,3953
b2564,798,3954
b2565,2741,3955
b2566,1362,3956
b2566,2742,3957
b2566,2125,3958
b2567,2743,3959
b2567,2744,3960
b2568,2745,3961
b2569,2746,3962
b2570,2747,3963
b2571,1293,3964
b2572,2400,3965
b2573,2748,3966
b2574,335,3967
b2575,2749,3968
b2576,153,3969
b2577,2750,3970
b2578,2751,3971
b2579,2752,3972
b2580,2753,3973
b2580,2754,3974
b2581,1438,3975
b2581,879,3976
b2582,162,3977
b2582,163,3978
b2582,2755,3979
b2582,2756,3980
b2583,2757,3981
b2584,513,3982
b2584,2758,3983
b2585,2759,3984
b2586,2760,3985
b2586,2761,3986
b2587,2762,3987
b2588,2763,3988
b2588,2764,3989
b2589,2765,3990
b2590,850,3991
b2590,851,3992
b2591,312,3993
b2592,22,3994
b2593,353,3995
b2593,2766,3996
b2594,516,3997
b2595,2092,3998
b2595,2767,3999
b2595,2768,4000
b2596,2769,4001
b2596,2770,4002
b2597,320,4003
b2597,2771,4004
b2598,966,4005
b2598,967,4006
b2598,968,4007
b2599,2772,4008
b2599,2773,4009
b2599,2774,4010
b2600,1079,4011
b2600,1737,4012
b2601,2775,4013
b2601,2776,4014
b2602,579,4015
b2602,2777,4016
b2603,2778,4017
b2604,2779,4018
b2604,2780,4019
b2605,2781,4020
b2606,2629,4021
b2607,2237,4022
b2607,2782,4023
b2608,25,4024
b2608,2783,4025
b2608,1536,4026
b2609,504,4027
b2609,2784,4028
b2610,1441,4029
b2610,0,4030
b2611,29,4031
b2611,59,4032
b2611,58,4033
b2612,1132,4034
b2613,2785,4035
b2614,2786,4036
b2615,2787,4037
b2616,2788,4038
b2616,2789,4039
b2617,2790,4040
b2618,2791,4041
b2619,2750,4042
b2620,2792,4043
b2620,2793,4044
b2621,2794,4045
b2621,2795,4046
b2622,32,4047
b2622,2796,4048
b2622,2797,4049
b2622,340,4050
b2623,2798,4051
b2624,2799,4052
b2624,2800,4053
b2624,2801,4054
b2624,1377,4055
b2624,2802,4056
b2624,1257,4057
b2625,2803,4058
b2625,1819,4059
b2626,2804,4060
b2627,1567,4061
b2628,2805,4062
b2629,2806,4063
b2630,2807,4064
b2630,2808,4065
b2631,2570,4066
b2632,142,4067
b2632,143,4068
b2632,601,4069
b2633,2365,4070
b2634,48,4071
b2635,0,4072
b2636,87,4073
b2636,88,4074
b2637,2809,4075
b2637,2810,4076
b2638,2811,4077
b2639,129,4078
b2640,2812,4079
b2640,2813,4080
b2641,47,4081
b2642,2487,4082
b2642,2814,4083
b2643,2815,4084
b2644,2816,4085
b2645,1452,4086
b2646,2817,4087
b2647,2358,4088
b2647,2818,4089
b2648,2819,4090
b2648,2820,4091
b2649,2821,4092
b2650,1434,4093
b2650,538,4094
b2650,537,4095
b2651,2822,4096
b2651,2823,4097
b2652,287,4098
b2652,2824,4099
b2653,973,4100
b2653,976,4101
b2653,2825,4102
b2653,2826,4103
b2654,2827,4104
b2654,2828,4105
b2655,2829,4106
b2656,2830,4107
b2656,2831,4108
b2657,2832,4109
b2658,2833,4110
b2659,2003,4111
b2660,2834,4112
b2661,2835,4113
b2661,2836,4114
b2662,1210,4115
b2663,1047,4116
b2663,1048,4117
b2664,2837,4118
b2664,2838,4119
b2665,1603,4120
b2666,2839,4121
b2667,2840,4122
b2668,1660,4123
b2669,2841,4124
b2670,14,4125
b2670,911,4126
b2671,2842,4127
b2671,2843,4128
b2672,2844,4129
b2673,1751,4130
b2673,2845,4131
b2674,2846,4132
b2674,2847,4133
b2675,1306,4134
b2675,2848,4135
b2676,579,4136
b2676,2849,4137
b2677,11,4138
b2678,82,4139
b2679,29,4140
b2679,2850,4141
b2680,2851,4142
b2681,2852,4143
b2682,2853,4144
b2683,2854,4145
b2684,48,4146
b2685,2855,4147
b2685,2856,4148
b2686,577,4149
b2687,2857,4150
b2688,2858,4151
b2689,2859,4152
b2689,2860,4153
b2690,2861,4154
b2691,2862,4155
b2691,2863,4156
b2692,2864,4157
b2693,2865,4158
b2693,2866,4159
b2693,2867,4160
b2693,2868,4161
b2694,1149,4162
b2695,2869,4163
b2696,1345,4164
b2697,2870,4165
b2698,2871,4166
b2698,2872,4167
b2698,2873,4168
b2699,0,4169
b2700,2874,4170
b2700,2875,4171
b2700,2876,4172
b2701,2877,4173
b2701,2878,4174
b2702,458,4175
b2703,2879,4176
b2703,2880,4177
b2704,225,4178
b2705,2881,4179
b2706,2882,4180
b2707,2883,4181
b2707,2884,4182
b2707,2885,4183
b2708,1660,4184
b2709,1321,4185
b2710,41,4186
b2710,43,4187
b2711,135,4188
b2712,2886,4189
b2712,1284,4190
b2713,2887,4191
b2714,2888,4192
b2715,2813,4193
b2715,2889,4194
b2716,2890,4195
b2717,2891,4196
b2718,1536,4197
b2718,2892,4198
b2719,1452,4199
b2720,85,4200
b2721,1132,4201
b2722,2893,4202
b2723,2894,4203
b2724,2895,4204
b2725,162,4205
b2725,2896,4206
b2726,499,4207
b2727,2897,4208
b2728,461,4209
b2728,1263,4210
b2729,2898,4211
b2730,2899,4212
b2731,214,4213
b2732,226,4214
b2732,2900,4215
b2733,18,4216
b2733,16,4217
b2734,2901,4218
b2735,1213,4219
b2735,1214,4220
b2735,2902,4221
b2736,129,4222
b2736,2903,4223
b2737,2904,4224
b2738,2905,4225
b2738,2906,4226
b2739,82,4227
b2740,288,4228
b2740,2907,4229
b2740,2908,4230
b2741,2888,4231
b2742,763,4232
b2743,657,4233
b2744,1118,4234
b2745,129,4235
b2745,2909,4236
b2746,2910,4237
b2747,798,4238
b2748,2911,4239
b2748,2912,4240
b2749,2816,4241
b2750,2913,4242
b2750,2914,4243
b2751,2915,4244
b2751,2916,4245
b2752,2917,4246
b2753,2918,4247
b2754,1482,4248
b2755,2919,4249
b2756,2920,4250
b2757,277,4251
b2757,2921,4252
b2757,2922,4253
b2758,2923,4254
b2759,2924,4255
b2759,2925,4256
b2760,2926,4257
b2761,1080,4258
b2761,2927,4259
b2762,2928,4260
b2762,2929,4261
b2762,2930,4262
b2763,2931,4263
b2763,2932,4264
b2764,2933,4265
b2764,2934,4266
b2765,2935,4267
b2765,2437,4268
b2766,508,4269
b2767,25,4270
b2767,2936,4271
b2767,2937,4272
b2768,2938,4273
b2768,2939,4274
b2768,2940,4275
b2769,1323,4276
b2769,2941,4277
b2770,2942,4278
b2771,2683,4279
b2772,1097,4280
b2773,48,4281
b2774,2943,4282
b2774,2912,4283
b2775,2944,4284
b2776,2350,4285
b2777,2945,4286
b2777,2946,4287
b2778,732,4288
b2778,1020,4289
b2779,2947,4290
b2780,1132,4291
b2781,2948,4292
b2782,2949,4293
b2783,254,4294
b2783,2134,4295
b2784,2950,4296
b2785,2951,4297
b2786,2952,4298
b2787,41,4299
b2787,2953,4300
b2788,2954,4301
b2788,2955,4302
b2789,2836,4303
b2790,2956,4304
b2791,2957,4305
b2792,2958,4306
b2792,2959,4307
b2793,2960,4308
b2793,2961,4309
b2794,2962,4310
b2795,2963,4311
b2796,2964,4312
b2796,2965,4313
b2797,1409,4314
b2798,53,4315
b2799,2966,4316
b2799,2967,4317
b2799,2968,4318
b2800,2969,4319
b2801,62,4320
b2801,1099,4321
b2802,283,4322
b2803,2970,4323
b2803,2971,4324
b2804,2972,4325
b2804,2973,4326
b2804,2974,4327
b2805,1312,4328
b2805,2576,4329
b2806,2975,4330
b2807,2976,4331
b2807,2977,4332
b2808,10,4333
b2809,2978,4334
b2810,2979,4335
b2811,2920,4336
b2812,1367,4337
b2812,2980,4338
b2812,2981,4339
b2813,2982,4340
b2813,2983,4341
b2813,2984,4342
b2814,87,4343
b2814,305,4344
b2815,2985,4345
b2815,2986,4346
b2816,2987,4347
b2817,2988,4348
b2818,2989,4349
b2819,879,4350
b2820,2990,4351
b2821,657,4352
b2822,2991,4353
b2822,2992,4354
b2822,2993,4355
b2822,2994,4356
b2822,2995,4357
b2823,12,4358
b2823,13,4359
b2824,2996,4360
b2824,2997,4361
b2825,2998,4362
b2826,1010,4363
b2826,1009,4364
b2826,2999,4365
b2827,14,4366
b2827,911,4367
b2828,22,4368
b2829,3000,4369
b2830,3001,4370
b2831,3002,4371
b2831,3003,4372
b2832,0,4373
b2833,50,4374
b2833,3004,4375
b2834,89,4376
b2835,3005,4377
b2836,3006,4378
b2837,3007,4379
b2837,3008,4380
b2838,3009,4381
b2839,3010,4382
b2840,3011,4383
b2840,1348,4384
b2840,3012,4385
b2841,529,4386
b2842,3013,4387
b2843,193,4388
b2843,3014,4389
b2844,3015,4390
b2844,1032,4391
b2844,3016,4392
b2844,3017,4393
b2845,61,4394
b2846,3018,4395
b2847,3019,4396
b2847,3020,4397
b2848,3021,4398
b2848,3022,4399
b2848,3023,4400
b2849,2310,4401
b2850,3024,4402
b2851,3025,4403
b2851,3026,4404
b2852,1032,4405
b2852,1413,4406
b2852,1034,4407
b2852,3027,4408
b2852,3028,4409
b2852,1415,4410
b2852,1417,4411
b2852,1036,4412
b2853,344,4413
b2854,281,4414
b2854,3029,4415
b2855,2586,4416
b2856,531,4417
b2857,3,4418
b2858,161,4419
b2859,518,4420
b2859,3030,4421
b2859,3031,4422
b2860,417,4423
b2861,1337,4424
b2861,1338,4425
b2862,60,4426
b2862,3032,4427
b2863,14,4428
b2864,3033,4429
b2864,3034,4430
b2865,953,4431
b2866,3035,4432
b2867,3036,4433
b2868,3037,4434
b2868,3038,4435
b2869,707,4436
b2869,3039,4437
b2870,1032,4438
b2870,1413,4439
b2870,1034,4440
b2870,3040,4441
b2870,3041,4442
b2870,3042,4443
b2871,3043,4444
b2872,3044,4445
b2873,3045,4446
b2873,3046,4447
b2874,3047,4448
b2875,41,4449
b2875,3048,4450
b2875,43,4451
b2876,3049,4452
b2876,3050,4453
b2876,3051,4454
b2877,3052,4455
b2877,2259,4456
b2878,3053,4457
b2878,3054,4458
b2878,3055,4459
b2878,3056,4460
b2878,3057,4461
b2879,3058,4462
b2880,382,4463
b2880,2380,4464
b2881,3059,4465
b2882,3060,4466
b2883,2365,4467
b2883,3061,4468
b2884,346,4469
b2885,934,4470
b2885,3062,4471
b2885,3063,4472
b2886,331,4473
b2886,3064,4474
b2886,3065,4475
b2887,3066,4476
b2888,1337,4477
b2888,1338,4478
b2889,14,4479
b2890,698,4480
b2891,145,4481
b2891,3067,4482
b2892,3068,4483
b2893,2310,4484
b2894,3069,4485
b2895,1409,4486
b2896,2803,4487
b2896,1819,4488
b2897,2989,4489
b2898,3070,4490
b2899,346,4491
b2900,382,4492
b2900,3071,4493
b2901,3072,4494
b2901,3073,4495
b2902,3074,4496
b2902,2912,4497
b2903,1532,4498
b2904,1337,4499
b2904,1338,4500
b2905,28,4501
b2906,199,4502
b2906,3075,4503
b2906,2446,4504
b2907,1567,4505
b2908,3076,4506
b2909,3077,4507
b2910,2943,4508
b2910,3078,4509
b2910,3079,4510
b2910,2202,4511
b2910,1178,4512
b2911,3080,4513
b2911,3081,4514
b2911,3082,4515
b2911,3083,4516
b2912,1896,4517
b2913,853,4518
b2914,3084,4519
b2914,3085,4520
b2915,3086,4521
b2915,1213,4522
b2915,3087,4523
b2915,3088,4524
b2915,3089,4525
b2915,3090,4526
b2916,3091,4527
b2917,3092,4528
b2917,798,4529
b2917,3093,4530
b2918,3094,4531
b2919,235,4532
b2920,3095,4533
b2920,3096,4534
b2920,3097,4535
b2920,1012,4536
b2920,3098,4537
b2921,3099,4538
b2921,3100,4539
b2921,3101,4540
b2921,3102,4541
b2921,3103,4542
b2921,3104,4543
b2922,3105,4544
b2922,3106,4545
b2923,1473,4546
b2924,209,4547
b2925,56,4548
b2926,3107,4549
b2926,3108,4550
b2927,3109,4551
b2927,3110,4552
b2928,3111,4553
b2929,2437,4554
b2929,3112,4555
b2930,1103,4556
b2930,1737,4557
b2931,2816,4558
b2932,3113,4559
b2933,211,4560
b2934,1841,4561
b2934,3114,4562
b2935,3115,4563
b2936,617,4564
b2937,3116,4565
b2938,1132,4566
b2938,2774,4567
b2939,3117,4568
b2940,2803,4569
b2940,1819,4570
b2941,3118,4571
b2942,3119,4572
b2943,3120,4573
b2944,390,4574
b2945,3121,4575
b2945,3122,4576
b2945,3123,4577
b2946,704,4578
b2946,3124,4579
b2947,346,4580
b2947,1366,4581
b2948,3125,4582
b2949,1997,4583
b2949,3126,4584
b2949,3127,4585
b2950,68,4586
b2950,2740,4587
b2951,301,4588
b2952,351,4589
b2953,3128,4590
b2954,222,4591
b2954,223,4592
b2955,3129,4593
b2956,1952,4594
b2956,3130,4595
b2956,3131,4596
b2957,3132,4597
b2958,1132,4598
b2959,3133,4599
b2960,986,4600
b2961,2816,4601
b2962,1089,4602
b2962,1090,4603
b2962,3134,4604
b2963,3135,4605
b2964,536,4606
b2964,542,4607
b2965,1119,4608
b2966,1448,4609
b2967,3136,4610
b2968,3137,4611
b2969,3138,4612
b2970,3139,4613
b2970,3140,4614
b2971,1582,4615
b2972,3141,4616
b2972,3142,4617
b2972,3143,4618
b2972,3144,4619
b2972,3145,4620
b2972,3146,4621
b2972,3147,4622
b2972,3148,4623
b2972,3149,4624
b2972,3150,4625
b2972,3151,4626
b2972,3152,4627
b2972,3153,4628
b2972,3154,4629
b2972,3155,4630
b2972,3156,4631
b2972,3157,4632
b2972,3158,4633
b2972,3159,4634
b2972,3160,4635
b2972,3161,4636
b2972,3162,4637
b2972,3163,4638
b2972,3164,4639
b2972,3165,4640
b2972,3166,4641
b2972,3167,4642
b2972,3168,4643
b2972,3169,4644
b2973,2249,4645
b2974,1521,4646
b2975,3170,4647
b2975,3171,4648
b2976,3172,4649
b2977,1519,4650
b2978,3173,4651
b2979,3174,4652
b2980,3175,4653
b2981,3176,4654
b2982,56,4655
b2982,3177,4656
b2983,3178,4657
b2983,3179,4658
b2984,346,4659
b2984,1366,4660
b2985,3180,4661
b2985,3181,4662
b2985,3182,4663
b2986,882,4664
b2986,3183,4665
b2987,2165,4666
b2987,3184,4667
b2988,3185,4668
b2988,3186,4669
b2989,64,4670
b2989,3187,4671
b2990,909,4672
b2991,3188,4673
b2992,707,4674
b2992,3189,4675
b2993,3190,4676
b2994,1448,4677
b2995,280,4678
b2996,82,4679
b2996,1177,4680
b2996,1178,4681
b2996,3191,4682
b2996,1417,4683
b2997,3192,4684
b2997,3193,4685
b2998,2413,4686
b2999,3194,4687
b2999,1575,4688
b3000,578,4689
b3000,3195,4690
b3001,2165,4691
b3001,3196,4692
b3002,2045,4693
b3003,3197,4694
b3004,3198,4695
b3004,3199,4696
b3005,162,4697
b3005,3200,4698
b3006,3201,4699
b3006,3202,4700
b3007,3203,4701
b3007,3204,4702
b3008,105,4703
b3008,3205,4704
b3008,3206,4705
b3008,3207,4706
b3009,3208,4707
b3009,3209,4708
b3010,3210,4709
b3010,3211,4710
b3011,3212,4711
b3011,0,4712
b3012,31,4713
b3012,3213,4714
b3012,3214,4715
b3013,12,4716
b3014,3215,4717
b3014,3216,4718
b3015,939,4719
b3016,471,4720
b3017,3217,4721
b3018,3136,4722
b3019,3218,4723
b3020,3219,4724
b3021,419,4725
b3022,3220,4726
b3022,3221,4727
b3023,3222,4728
b3024,3223,4729
b3024,3224,4730
b3025,854,4731
b3026,3225,4732
b3027,3226,4733
b3027,3227,4734
b3028,3228,4735
b3029,1245,4736
b3030,3229,4737
b3030,3230,4738
b3031,939,4739
b3032,3231,4740
b3032,3232,4741
b3033,491,4742
b3033,3233,4743
b3033,3234,4744
b3034,3235,4745
b3034,3236,4746
b3035,3037,4747
b3035,3237,4748
b3036,1910,4749
b3036,3238,4750
b3037,3239,4751
b3038,3240,4752
b3038,2061,4753
b3039,82,4754
b3039,3241,4755
b3040,3242,4756
b3041,3243,4757
b3041,3244,4758
b3042,62,4759
b3042,1949,4760
b3043,609,4761
b3043,610,4762
b3044,596,4763
b3044,3245,4764
b3045,3246,4765
b3045,3247,4766
b3046,31,4767
b3047,1649,4768
b3048,3248,4769
b3049,1561,4770
b3050,3249,4771
b3051,3076,4772
b3052,3250,4773
b3053,272,4774
b3054,3251,4775
b3055,3252,4776
b3056,3253,4777
b3056,3254,4778
b3057,3255,4779
b3057,3256,4780
b3058,3257,4781
b3058,3258,4782
b3059,576,4783
b3060,347,4784
b3060,348,4785
b3060,3259,4786
b3061,518,4787
b3062,3260,4788
b3063,3261,4789
b3063,3262,4790
b3064,556,4791
b3065,28,4792
b3065,3263,4793
b3065,48,4794
b3066,48,4795
b3066,3264,4796
b3067,2938,4797
b3067,2940,4798
b3067,2939,4799
b3068,3069,4800
b3069,3265,4801
b3070,1782,4802
b3071,3266,4803
b3071,650,4804
b3072,2871,4805
b3072,3267,4806
b3072,3195,4807
b3073,1551,4808
b3074,3268,4809
b3075,3253,4810
b3075,3269,4811
b3076,3270,4812
b3077,3271,4813
b3078,571,4814
b3079,3272,4815
b3080,211,4816
b3081,1551,4817
b3082,3273,4818
b3082,3274,4819
b3083,3275,4820
b3084,3276,4821
b3084,3277,4822
b3085,3278,4823
b3086,3279,4824
b3086,3280,4825
b3087,1371,4826
b3087,3281,4827
b3088,3282,4828
b3089,15,4829
b3089,1491,4830
b3089,1492,4831
b3090,35,4832
b3091,1268,4833
b3092,3283,4834
b3093,3284,4835
b3094,3285,4836
b3095,3286,4837
b3096,529,4838
b3097,3287,4839
b3098,3288,4840
b3098,1020,4841
b3099,3289,4842
b3100,3290,4843
b3101,3,4844
b3101,3291,4845
b3102,3292,4846
b3103,3,4847
b3103,3293,4848
b3103,3294,4849
b3104,816,4850
b3105,3295,4851
b3106,48,4852
b3106,3296,4853
b3107,3297,4854
b3107,3298,4855
b3107,3299,4856
b3108,1594,4857
b3109,141,4858
b3109,3300,4859
b3110,3301,4860
b3111,3009,4861
b3111,3302,4862
b3112,3303,4863
b3112,3304,4864
b3112,3305,4865
b3112,3306,4866
b3113,3307,4867
b3113,1391,4868
b3113,3308,4869
b3113,3309,4870
b3113,3310,4871
b3113,3311,4872
b3113,3312,4873
b3114,2786,4874
b3114,3313,4875
b3115,3314,4876
b3115,3315,4877
b3115,3316,4878
b3115,3317,4879
b3115,3318,4880
b3115,3319,4881
b3115,3320,4882
b3115,3321,4883
b3115,3322,4884
b3115,3323,4885
b3115,3324,4886
b3115,3325,4887
b3115,3326,4888
b3115,3327,4889
b3115,3328,4890
b3115,3329,4891
b3115,3330,4892
b3115,3331,4893
b3116,3332,4894
b3117,3333,4895
b3118,3334,4896
b3119,3335,4897
b3119,3336,4898
b3119,3337,4899
b3120,2799,4900
b3120,2800,4901
b3120,1377,4902
b3120,2801,4903
b3120,1257,4904
b3120,3338,4905
b3120,3339,4906
b3120,3340,4907
b3121,3341,4908
b3122,3342,4909
b3123,3343,4910
b3123,2903,4911
b3124,3344,4912
b3124,3345,4913
b3125,3346,4914
b3125,3347,4915
b3126,3348,4916
b3127,3349,4917
b3128,3350,4918
b3129,333,4919
b3130,3351,4920
b3130,3352,4921
b3130,3353,4922
b3130,3354,4923
b3130,3355,4924
b3131,3356,4925
b3131,3357,4926
b3132,1057,4927
b3132,1729,4928
b3133,3358,4929
b3134,707,4930
b3134,3039,4931
b3134,2613,4932
b3134,2802,4933
b3134,3189,4934
b3134,3008,4935
b3134,3359,4936
b3134,1222,4937
b3134,3360,4938
b3134,3361,4939
b3134,3362,4940
b3135,1551,4941
b3136,3180,4942
b3137,3363,4943
b3138,3364,4944
b3138,3365,4945
b3139,301,4946
b3140,3289,4947
b3141,25,4948
b3142,2466,4949
b3142,1125,4950
b3143,183,4951
b3143,3366,4952
b3144,3367,4953
b3144,3368,4954
b3145,3369,4955
b3146,3370,4956
b3146,3371,4957
b3147,3372,4958
b3148,3373,4959
b3149,3374,4960
b3150,3375,4961
b3151,1236,4962
b3152,301,4963
b3153,1774,4964
b3153,3376,4965
b3154,3377,4966
b3154,3378,4967
b3155,2938,4968
b3155,2939,4969
b3155,2940,4970
b3156,1641,4971
b3156,3379,4972
b3157,1295,4973
b3158,1551,4974
b3159,3380,4975
b3159,3381,4976
b3159,3382,4977
b3160,3383,4978
b3161,3384,4979
b3161,3385,4980
b3162,48,4981
b3163,3386,4982
b3163,3387,4983
b3164,3388,4984
b3165,2437,4985
b3165,3389,4986
b3166,3390,4987
b3167,2308,4988
b3168,377,4989
b3169,613,4990
b3170,3391,4991
b3170,3392,4992
b3171,82,4993
b3171,1177,4994
b3171,3393,4995
b3171,3394,4996
b3171,3395,4997
b3171,1413,4998
b3172,1521,4999
b3173,3396,5000
b3174,3390,5001
b3175,3397,5002
b3176,3398,5003
b3177,736,5004
b3177,3399,5005
b3177,738,5006
b3178,3400,5007
b3179,1403,5008
b3180,3401,5009
b3180,3402,5010
b3181,3403,5011
b3182,346,5012
b3183,48,5013
b3184,3349,5014
b3185,3404,5015
b3185,3405,5016
b3186,3406,5017
b3187,3253,5018
b3188,3407,5019
b3188,3408,5020
b3188,3409,5021
b3189,3397,5022
b3190,2799,5023
b3190,2801,5024
b3190,2800,5025
b3190,2802,5026
b3190,1257,5027
b3190,3339,5028
b3191,1551,5029
b3192,1089,5030
b3193,1545,5031
b3194,3410,5032
b3195,3411,5033
b3196,536,5034
b3196,3412,5035
b3196,3413,5036
b3196,3414,5037
b3197,1893,5038
b3197,3415,5039
b3197,3416,5040
b3198,1545,5041
b3199,3417,5042
b3200,1953,5043
b3200,3418,5044
b3201,3419,5045
b3201,3420,5046
b3202,0,5047
b3202,1,5048
b3203,12,5049
b3203,13,5050
b3204,287,5051
b3204,3421,5052
b3205,3422,5053
b3205,3423,5054
b3206,937,5055
b3206,2631,5056
b3207,3424,5057
b3208,1089,5058
b3208,1090,5059
b3209,555,5060
b3209,3425,5061
b3209,3426,5062
b3209,3427,5063
b3210,1403,5064
b3211,3428,5065
b3211,3429,5066
b3212,3430,5067
b3213,3431,5068
b3213,3432,5069
b3214,3433,5070
b3215,14,5071
b3216,846,5072
b3217,808,5073
b3218,2092,5074
b3218,3434,5075
b3219,3435,5076
b3219,1729,5077
b3220,3436,5078
b3221,701,5079
b3222,3437,5080
b3223,3285,5081
b3224,3438,5082
b3224,3439,5083
b3225,1403,5084
b3226,3417,5085
b3227,3440,5086
b3227,3441,5087
b3228,3442,5088
b3229,99,5089
b3230,3443,5090
b3231,2705,5091
b3231,3444,5092
b3232,1089,5093
b3232,1090,5094
b3233,3445,5095
b3234,3446,5096
b3234,2654,5097
b3235,3417,5098
b3236,217,5099
b3236,3447,5100
b3236,3448,5101
b3237,3449,5102
b3238,1337,5103
b3238,1338,5104
b3239,185,5105
b3240,3450,5106
b3241,3451,5107
b3242,3452,5108
b3243,2270,5109
b3244,3453,5110
b3244,3454,5111
b3245,14,5112
b3246,193,5113
b3247,3455,5114
b3248,3456,5115
b3248,299,5116
b3248,3457,5117
b3248,3458,5118
b3248,3459,5119
b3248,3460,5120
b3248,3461,5121
b3248,1123,5122
b3248,3462,5123
b3248,3463,5124
b3248,3464,5125
b3248,3465,5126
b3248,3466,5127
b3248,3467,5128
b3248,3468,5129
b3248,156,5130
b3248,3469,5131
b3248,3470,5132
b3248,252,5133
b3248,602,5134
b3248,3471,5135
b3248,3472,5136
b3248,3473,5137
b3248,3474,5138
b3248,3475,5139
b3248,3476,5140
b3248,3477,5141
b3248,3478,5142
b3248,3479,5143
b3248,3480,5144
b3248,1418,5145
b3248,1195,5146
b3248,3481,5147
b3248,3482,5148
b3248,3483,5149
b3248,3484,5150
b3248,111,5151
b3248,204,5152
b3248,3485,5153
b3248,3486,5154
b3248,3487,5155
b3248,3488,5156
b3248,3489,5157
b3248,3490,5158
b3248,3491,5159
b3248,3492,5160
b3248,3493,5161
b3248,3494,5162
b3248,3495,5163
b3248,3496,5164
b3248,3497,5165
b3249,3498,5166
b3250,3499,5167
b3251,132,5168
b3252,3500,5169
b3253,3501,5170
b3254,10,5171
b3255,3502,5172
b3255,3503,5173
b3256,3504,5174
b3257,1077,5175
b3257,1078,5176
b3258,461,5177
b3258,3505,5178
b3258,3506,5179
b3258,1373,5180
b3258,1372,5181
b3258,3507,5182
b3258,3508,5183
b3258,3509,5184
b3258,3510,5185
b3258,3511,5186
b3259,3512,5187
b3259,3513,5188
b3259,3514,5189
b3259,3515,5190
b3260,3516,5191
b3261,474,5192
b3262,3517,5193
b3262,3518,5194
b3263,3519,5195
b3264,3520,5196
b3264,3521,5197
b3264,3522,5198
b3265,3523,5199
b3265,3524,5200
b3265,3525,5201
b3266,481,5202
b3267,2623,5203
b3268,1551,5204
b3269,3526,5205
b3269,3527,5206
b3269,320,5207
b3269,3528,5208
b3269,3529,5209
b3269,579,5210
b3269,209,5211
b3269,3530,5212
b3269,3442,5213
b3269,701,5214
b3269,3531,5215
b3269,615,5216
b3269,1782,5217
b3269,531,5218
b3269,3532,5219
b3269,3533,5220
b3269,3534,5221
b3269,3535,5222
b3269,3536,5223
b3269,3537,5224
b3269,2631,5225
b3269,3538,5226
b3269,56,5227
b3269,3539,5228
b3269,3540,5229
b3269,3541,5230
b3269,3542,5231
b3269,3543,5232
b3270,3544,5233
b3271,3417,5234
b3272,3545,5235
b3273,2516,5236
b3274,3546,5237
b3274,1729,5238
b3274,1057,5239
b3275,3547,5240
b3276,3548,5241
b3277,504,5242
b3277,3549,5243
b3277,3550,5244
b3278,3551,5245
b3278,3552,5246
b3279,633,5247
b3279,3553,5248
b3280,3554,5249
b3280,3555,5250
b3280,3556,5251
b3281,57,5252
b3281,3557,5253
b3282,3558,5254
b3283,3253,5255
b3283,3559,5256
b3284,3560,5257
b3284,3561,5258
b3284,3562,5259
b3285,3372,5260
b3286,3563,5261
b3286,3564,5262
b3287,633,5263
b3287,3565,5264
b3288,3566,5265
b3288,3567,5266
b3289,3568,5267
b3290,396,5268
b3290,397,5269
b3291,14,5270
b3291,3569,5271
b3292,3570,5272
b3293,3571,5273
b3293,3572,5274
b3293,3573,5275
b3293,3574,5276
b3293,3575,5277
b3293,2528,5278
b3293,3576,5279
b3294,3577,5280
b3295,1551,5281
b3296,2411,5282
b3296,3578,5283
b3297,3424,5284
b3298,3579,5285
b3299,3580,5286
b3300,1551,5287
b3301,2365,5288
b3301,3581,5289
b3301,3582,5290
b3302,342,5291
b3303,749,5292
b3304,3583,5293
b3305,3584,5294
b3306,3585,5295
b3307,3586,5296
b3308,3587,5297
b3309,859,5298
b3310,3588,5299
b3311,1077,5300
b3311,3589,5301
b3312,1327,5302
b3313,3590,5303
b3314,3591,5304
b3315,254,5305
b3315,3592,5306
b3316,2437,5307
b3316,3593,5308
b3317,3594,5309
b3317,1819,5310
b3317,3595,5311
b3318,382,5312
b3319,3596,5313
b3319,3597,5314
b3320,3598,5315
b3321,335,5316
b3321,3599,5317
b3321,3600,5318
b3321,346,5319
b3321,3601,5320
b3321,3602,5321
b3321,3603,5322
b3321,196,5323
b3321,3604,5324
b3321,1102,5325
b3321,3249,5326
b3321,772,5327
b3321,3605,5328
b3321,3606,5329
b3322,3607,5330
b3323,1742,5331
b3323,3608,5332
b3324,1551,5333
b3325,3609,5334
b3326,3610,5335
b3326,3611,5336
b3327,1402,5337
b3328,29,5338
b3328,254,5339
b3328,3612,5340
b3329,1089,5341
b3329,1090,5342
b3330,3613,5343
b3331,3,5344
b3331,3614,5345
b3331,3615,5346
b3332,1473,5347
b3333,556,5348
b3334,3616,5349
b3334,3617,5350
b3335,3618,5351
b3336,3619,5352
b3337,3519,5353
b3338,3585,5354
b3339,3620,5355
b3340,732,5356
b3340,733,5357
b3340,737,5358
b3341,3621,5359
b3342,3136,5360
b3343,3622,5361
b3343,3623,5362
b3344,3624,5363
b3345,112,5364
b3345,3625,5365
b3346,2698,5366
b3347,707,5367
b3347,3362,5368
b3348,3626,5369
b3349,3622,5370
b3349,3623,5371
b3350,3627,5372
b3351,3624,5373
b3352,417,5374
b3353,2092,5375
b3353,3628,5376
b3354,3629,5377
b3355,3630,5378
b3355,3631,5379
b3356,707,5380
b3356,2613,5381
b3356,3362,5382
b3357,3632,5383
b3358,3622,5384
b3358,3623,5385
b3359,3633,5386
b3360,74,5387
b3361,431,5388
b3361,3634,5389
b3362,707,5390
b3362,3189,5391
b3363,3635,5392
b3363,2470,5393
b3363,3636,5394
b3363,2912,5395
b3363,3096,5396
b3364,1362,5397
b3364,1363,5398
b3365,45,5399
b3365,3637,5400
b3365,3638,5401
b3366,3639,5402
b3367,862,5403
b3367,3640,5404
b3367,3641,5405
b3368,707,5406
b3368,3359,5407
b3368,1222,5408
b3368,2802,5409
b3368,3362,5410
b3369,3642,5411
b3370,3643,5412
b3370,3644,5413
b3371,259,5414
b3371,3645,5415
b3371,3646,5416
b3372,798,5417
b3373,82,5418
b3373,3402,5419
b3374,3647,5420
b3374,3648,5421
b3375,3621,5422
b3376,3649,5423
b3377,707,5424
b3377,3189,5425
b3377,3359,5426
b3377,1222,5427
b3378,3650,5428
b3379,798,5429
b3379,3651,5430
b3379,3652,5431
b3380,763,5432
b3381,168,5433
b3382,3653,5434
b3383,335,5435
b3384,698,5436
b3385,3654,5437
b3386,3655,5438
b3387,246,5439
b3387,3656,5440
b3388,62,5441
b3389,83,5442
b3389,3657,5443
b3390,539,5444
b3390,3658,5445
b3390,3659,5446
b3391,3660,5447
b3392,29,5448
b3392,3661,5449
b3392,3662,5450
b3393,3663,5451
b3394,2509,5452
b3395,3664,5453
b3396,3253,5454
b3396,1955,5455
b3397,1362,5456
b3397,3665,5457
b3397,3666,5458
b3397,3667,5459
b3397,3668,5460
b3398,3669,5461
b3399,2509,5462
b3400,3670,5463
b3401,1362,5464
b3401,3671,5465
b3401,3672,5466
b3401,3673,5467
b3401,3667,5468
b3401,3674,5469
b3401,3675,5470
b3401,3668,5471
b3401,3676,5472
b3402,2509,5473
b3403,556,5474
b3403,3677,5475
b3404,2799,5476
b3404,1377,5477
b3404,2800,5478
b3404,3678,5479
b3404,3679,5480
b3404,3680,5481
b3405,3681,5482
b3406,3682,5483
b3406,3683,5484
b3407,1132,5485
b3408,2509,5486
b3409,3684,5487
b3410,3685,5488
b3411,62,5489
b3412,2509,5490
b3412,3686,5491
b3413,1834,5492
b3414,3687,5493
b3414,3549,5494
b3414,101,5495
b3415,3688,5496
b3416,647,5497
b3416,3689,5498
b3417,2509,5499
b3418,1551,5500
b3419,1516,5501
b3420,3690,5502
b3421,2739,5503
b3422,3691,5504
b3422,3692,5505
b3423,701,5506
b3424,3693,5507
b3424,3555,5508
b3425,3694,5509
b3426,2509,5510
b3426,3686,5511
b3427,3695,5512
b3428,48,5513
b3428,3696,5514
b3429,3697,5515
b3430,1469,5516
b3431,3698,5517
b3431,3699,5518
b3431,3700,5519
b3431,3701,5520
b3432,1521,5521
b3432,434,5522
b3433,890,5523
b3434,3702,5524
b3435,3703,5525
b3436,2509,5526
b3436,2068,5527
b3436,3704,5528
b3436,3705,5529
b3436,3686,5530
b3437,2799,5531
b3437,1377,5532
b3437,2800,5533
b3437,3706,5534
b3437,3707,5535
b3437,1257,5536
b3437,3708,5537
b3438,82,5538
b3438,3402,5539
b3439,3709,5540
b3440,1282,5541
b3440,3710,5542
b3441,3697,5543
b3442,3711,5544
b3443,3712,5545
b3444,3713,5546
b3445,3714,5547
b3445,3715,5548
b3446,3716,5549
b3447,3717,5550
b3447,3718,5551
b3448,3719,5552
b3449,1046,5553
b3450,3720,5554
b3450,3654,5555
b3451,3721,5556
b3451,3722,5557
b3451,3723,5558
b3452,1347,5559
b3452,242,5560
b3452,3724,5561
b3453,290,5562
b3454,60,5563
b3454,3725,5564
b3455,3726,5565
b3455,3727,5566
b3455,3728,5567
b3455,3729,5568
b3456,18,5569
b3457,3730,5570
b3457,3357,5571
b3458,1095,5572
b3458,3731,5573
b3459,3732,5574
b3460,3733,5575
b3461,3734,5576
b3462,3735,5577
b3463,3736,5578
b3463,3737,5579
b3463,3738,5580
b3464,3739,5581
b3465,3740,5582
b3466,3741,5583
b3467,3742,5584
b3468,3743,5585
b3469,3744,5586
b3470,3745,5587
b3471,283,5588
b3472,2646,5589
b3472,3746,5590
b3473,3747,5591
b3474,3748,5592
b3475,2511,5593
b3475,3262,5594
b3476,3749,5595
b3477,3750,5596
b3478,3751,5597
b3479,467,5598
b3479,3752,5599
b3479,2672,5600
b3480,3753,5601
b3481,1032,5602
b3481,1413,5603
b3481,1035,5604
b3481,1034,5605
b3481,1437,5606
b3482,3754,5607
b3483,3717,5608
b3483,3718,5609
b3484,3755,5610
b3485,3717,5611
b3485,3718,5612
b3486,3756,5613
b3486,3757,5614
b3486,3615,5615
b3486,3758,5616
b3487,3759,5617
b3488,556,5618
b3489,1132,5619
b3490,3717,5620
b3490,3718,5621
b3491,2471,5622
b3492,3717,5623
b3492,3718,5624
b3493,3760,5625
b3493,3761,5626
b3494,868,5627
b3494,869,5628
b3494,3762,5629
b3494,3763,5630
b3495,3764,5631
b3496,3765,5632
b3497,3766,5633
b3497,3767,5634
b3497,3768,5635
b3498,3769,5636
b3499,3770,5637
b3500,3717,5638
b3500,3718,5639
b3501,1060,5640
b3502,3771,5641
b3503,3717,5642
b3503,3718,5643
b3504,3772,5644
b3504,3773,5645
b3504,3774,5646
b3505,822,5647
b3505,3775,5648
b3506,1567,5649
b3507,3138,5650
b3508,1582,5651
b3509,3776,5652
b3510,3344,5653
b3510,3777,5654
b3511,3778,5655
b3512,64,5656
b3512,59,5657
b3512,58,5658
b3513,3779,5659
b3514,461,5660
b3515,3780,5661
b3515,3781,5662
b3515,3782,5663
b3515,3783,5664
b3516,3784,5665
b3516,3785,5666
b3516,3786,5667
b3516,3787,5668
b3516,3788,5669
b3516,1392,5670
b3517,3789,5671
b3518,3790,5672
b3519,3791,5673
b3520,330,5674
b3520,3792,5675
b3520,3793,5676
b3521,3794,5677
b3521,3795,5678
b3522,3796,5679
b3523,3797,5680
b3524,3791,5681
b3525,3798,5682
b3526,3799,5683
b3526,3800,5684
b3526,3801,5685
b3527,3802,5686
b3528,3803,5687
b3529,3804,5688
b3529,3805,5689
b3530,188,5690
b3530,2484,5691
b3531,188,5692
b3531,2484,5693
b3532,188,5694
b3533,188,5695
b3533,1403,5696
b3533,2483,5697
b3533,3806,5698
b3534,3807,5699
b3535,3808,5700
